family,rung,task,is_control,benchmark_group,n,interface,null_name,acc,null,delta_pp,ci95_lo_pp,ci95_hi_pp,ci95_half_width_pp,boot_p,mcnemar_p,verdict,could_have_detected_mmlu_effect,modal_pred_share,exact_tie_rate
llama2_7b,base,arc_challenge,False,non_mmlu,1172,letter,best_constant_B,0.4343,0.265358,16.8942,13.0546,20.7338,3.8396,0.0001,3.3773655393870013e-16,above the floor,False,0.276451,0.140785
llama2_7b,base,arc_challenge,False,non_mmlu,1172,content_raw,longest_split,0.432594,0.268871,16.3723,12.585,20.1879,3.8014,0.0001,,above the floor,False,0.326792,0.000853
llama2_7b,base,arc_challenge,False,non_mmlu,1172,content_raw,longest_first,0.432594,0.261945,17.0648,12.9693,21.1604,4.0956,0.0001,5.36357478860375e-16,above the floor,False,0.326792,0.000853
llama2_7b,base,arc_challenge,False,non_mmlu,1172,content_raw,longest_last,0.432594,0.277304,15.529,11.5188,19.6246,4.0529,0.0001,3.2117716888331303e-13,above the floor,False,0.326792,0.000853
llama2_7b,base,arc_challenge,False,non_mmlu,1172,content_raw,longest_credit,0.432594,0.446246,-1.3652,-5.5461,2.901,4.2235,0.5232,0.5557230838258892,AT the floor (n.s.),False,0.326792,0.000853
llama2_7b,base,arc_challenge,False,non_mmlu,1172,content_raw,longest_wrong,0.432594,0.15785,27.4744,23.6348,31.314,3.8396,0.0001,2.0985038975751758e-41,above the floor,False,0.326792,0.000853
llama2_7b,base,arc_challenge,False,non_mmlu,1172,content_norm,longest_split,0.435154,0.268871,16.6283,13.6234,19.6887,3.0327,0.0001,,above the floor,False,0.266212,0.0
llama2_7b,base,arc_challenge,False,non_mmlu,1172,content_norm,longest_first,0.435154,0.261945,17.3208,13.9932,20.6485,3.3276,0.0001,2.5979899082899675e-23,above the floor,False,0.266212,0.0
llama2_7b,base,arc_challenge,False,non_mmlu,1172,content_norm,longest_last,0.435154,0.277304,15.785,12.4573,19.198,3.3703,0.0001,1.7498023949744727e-19,above the floor,False,0.266212,0.0
llama2_7b,base,arc_challenge,False,non_mmlu,1172,content_norm,longest_credit,0.435154,0.446246,-1.1092,-4.5222,2.3038,3.413,0.5261,0.5539591044498431,AT the floor (n.s.),False,0.266212,0.0
llama2_7b,base,arc_challenge,False,non_mmlu,1172,content_norm,longest_wrong,0.435154,0.15785,27.7304,24.5734,30.9727,3.1997,0.0001,8.202999571709163e-59,above the floor,False,0.266212,0.0
llama2_7b,base,arc_easy,False,non_mmlu,2376,letter,best_constant_C,0.578283,0.266414,31.1869,28.5774,33.7963,2.6094,0.0001,7.665406686646375e-105,above the floor,False,0.31229,0.131313
llama2_7b,base,arc_easy,False,non_mmlu,2376,content_raw,longest_split,0.762626,0.240215,52.2412,49.8808,54.6226,2.3709,0.0001,,above the floor,False,0.299242,0.000421
llama2_7b,base,arc_easy,False,non_mmlu,2376,content_raw,longest_first,0.762626,0.243687,51.8939,49.3687,54.4613,2.5463,0.0001,2.9290183367367443e-234,above the floor,False,0.299242,0.000421
llama2_7b,base,arc_easy,False,non_mmlu,2376,content_raw,longest_last,0.762626,0.226852,53.5774,51.0101,56.1448,2.5673,0.0001,5.308901738628877e-243,above the floor,False,0.299242,0.000421
llama2_7b,base,arc_easy,False,non_mmlu,2376,content_raw,longest_credit,0.762626,0.405724,35.6902,32.9545,38.468,2.7567,0.0001,9.810419818135446e-120,above the floor,False,0.299242,0.000421
llama2_7b,base,arc_easy,False,non_mmlu,2376,content_raw,longest_wrong,0.762626,0.13931,62.3316,60.0168,64.6886,2.3359,0.0001,0.0,above the floor,False,0.299242,0.000421
llama2_7b,base,arc_easy,False,non_mmlu,2376,content_norm,longest_split,0.688552,0.240215,44.8338,42.8485,46.8856,2.0185,0.0001,,above the floor,False,0.272306,0.0
llama2_7b,base,arc_easy,False,non_mmlu,2376,content_norm,longest_first,0.688552,0.243687,44.4865,42.2969,46.7593,2.2312,0.0001,6.158626257284513e-245,above the floor,False,0.272306,0.0
llama2_7b,base,arc_easy,False,non_mmlu,2376,content_norm,longest_last,0.688552,0.226852,46.17,43.9394,48.4428,2.2517,0.0001,1.2842899511397126e-254,above the floor,False,0.272306,0.0
llama2_7b,base,arc_easy,False,non_mmlu,2376,content_norm,longest_credit,0.688552,0.405724,28.2828,26.0101,30.5976,2.2938,0.0001,7.898572029313464e-115,above the floor,False,0.272306,0.0
llama2_7b,base,arc_easy,False,non_mmlu,2376,content_norm,longest_wrong,0.688552,0.13931,54.9242,52.8199,57.0707,2.1254,0.0001,0.0,above the floor,False,0.272306,0.0
llama2_7b,base,openbookqa,False,non_mmlu,500,letter,best_constant_A,0.4,0.276,12.4,7.4,17.4,5.0,0.0001,2.6020763646303368e-06,above the floor,False,0.414,0.116
llama2_7b,base,openbookqa,False,non_mmlu,500,content_raw,longest_split,0.302,0.375833,-7.3833,-13.4167,-1.2329,6.0919,0.0182,,BELOW the floor,False,0.274,0.0
llama2_7b,base,openbookqa,False,non_mmlu,500,content_raw,longest_first,0.302,0.398,-9.6,-16.0,-3.2,6.4,0.0045,0.004730989962632324,BELOW the floor,False,0.274,0.0
llama2_7b,base,openbookqa,False,non_mmlu,500,content_raw,longest_last,0.302,0.36,-5.8,-12.0,0.6,6.3,0.07600000000000001,0.08523490462986565,AT the floor (n.s.),False,0.274,0.0
llama2_7b,base,openbookqa,False,non_mmlu,500,content_raw,longest_credit,0.302,0.536,-23.4,-29.8,-17.0,6.4,0.0001,7.698100092083702e-12,BELOW the floor,False,0.274,0.0
llama2_7b,base,openbookqa,False,non_mmlu,500,content_raw,longest_wrong,0.302,0.278,2.4,-3.8,8.8,6.3,0.43670000000000003,0.4901429255558023,AT the floor (n.s.),False,0.274,0.0
llama2_7b,base,openbookqa,False,non_mmlu,500,content_norm,longest_split,0.4,0.375833,2.4167,-1.6833,6.5333,4.1083,0.2534,,AT the floor (n.s.),False,0.266,0.0
llama2_7b,base,openbookqa,False,non_mmlu,500,content_norm,longest_first,0.4,0.398,0.2,-4.4,4.8,4.6,0.9272,1.0,AT the floor (n.s.),False,0.266,0.0
llama2_7b,base,openbookqa,False,non_mmlu,500,content_norm,longest_last,0.4,0.36,4.0,-0.6,8.6,4.6,0.0842,0.10545402577640946,AT the floor (n.s.),False,0.266,0.0
llama2_7b,base,openbookqa,False,non_mmlu,500,content_norm,longest_credit,0.4,0.536,-13.6,-18.0,-9.0,4.5,0.0001,9.883472716796569e-09,BELOW the floor,False,0.266,0.0
llama2_7b,base,openbookqa,False,non_mmlu,500,content_norm,longest_wrong,0.4,0.278,12.2,7.6,16.6,4.5,0.0001,2.3313729020782194e-07,above the floor,False,0.266,0.0
llama2_7b,base,commonsense_qa,False,non_mmlu,1221,letter,best_constant_B,0.325143,0.208845,11.6298,8.0262,15.1515,3.5627,0.0001,2.186043513600232e-10,above the floor,False,0.467649,0.103194
llama2_7b,base,commonsense_qa,False,non_mmlu,1221,content_raw,longest_split,0.586405,0.205747,38.0658,34.5441,41.6135,3.5347,0.0001,,above the floor,False,0.213759,0.005733
llama2_7b,base,commonsense_qa,False,non_mmlu,1221,content_raw,longest_first,0.586405,0.213759,37.2645,33.4971,41.0319,3.7674,0.0001,1.241877235731881e-68,above the floor,False,0.213759,0.005733
llama2_7b,base,commonsense_qa,False,non_mmlu,1221,content_raw,longest_last,0.586405,0.198198,38.8206,35.1351,42.588,3.7265,0.0001,2.299523236485783e-73,above the floor,False,0.213759,0.005733
llama2_7b,base,commonsense_qa,False,non_mmlu,1221,content_raw,longest_credit,0.586405,0.364455,22.1949,18.0999,26.2899,4.095,0.0001,1.8294290026425953e-24,above the floor,False,0.213759,0.005733
llama2_7b,base,commonsense_qa,False,non_mmlu,1221,content_raw,longest_wrong,0.586405,0.116298,47.0106,43.5708,50.4505,3.4398,0.0001,7.266025221355002e-113,above the floor,False,0.213759,0.005733
llama2_7b,base,commonsense_qa,False,non_mmlu,1221,content_norm,longest_split,0.468468,0.205747,26.2722,23.8261,28.8043,2.4891,0.0001,,above the floor,False,0.21294,0.00819
llama2_7b,base,commonsense_qa,False,non_mmlu,1221,content_norm,longest_first,0.468468,0.213759,25.4709,22.7682,28.2555,2.7437,0.0001,2.0431021303942419e-66,above the floor,False,0.21294,0.00819
llama2_7b,base,commonsense_qa,False,non_mmlu,1221,content_norm,longest_last,0.468468,0.198198,27.027,24.2424,29.8935,2.8256,0.0001,1.9221595779549516e-72,above the floor,False,0.21294,0.00819
llama2_7b,base,commonsense_qa,False,non_mmlu,1221,content_norm,longest_credit,0.468468,0.364455,10.4013,7.6986,13.104,2.7027,0.0001,7.400823449964827e-14,above the floor,False,0.21294,0.00819
llama2_7b,base,commonsense_qa,False,non_mmlu,1221,content_norm,longest_wrong,0.468468,0.116298,35.217,32.5143,38.0016,2.7437,0.0001,9.572103141292197e-122,above the floor,False,0.21294,0.00819
llama2_7b,base,piqa,False,non_mmlu,1838,letter,best_constant_B,0.566376,0.504897,6.148,2.1219,10.2829,4.0805,0.0024999999999999996,0.00301480433754706,above the floor,False,0.776387,0.047334
llama2_7b,base,piqa,False,non_mmlu,1838,content_raw,longest_split,0.78074,0.473613,30.7127,27.5299,33.7323,3.1012,0.0001,,above the floor,False,0.513058,0.0
llama2_7b,base,piqa,False,non_mmlu,1838,content_raw,longest_first,0.78074,0.479325,30.1415,26.7138,33.4059,3.346,0.0001,2.060223143141045e-63,above the floor,False,0.513058,0.0
llama2_7b,base,piqa,False,non_mmlu,1838,content_raw,longest_last,0.78074,0.4679,31.284,27.8564,34.6028,3.3732,0.0001,3.2752305545928295e-67,above the floor,False,0.513058,0.0
llama2_7b,base,piqa,False,non_mmlu,1838,content_raw,longest_credit,0.78074,0.624048,15.6692,12.4048,18.8792,3.2372,0.0001,6.356178132325742e-21,above the floor,False,0.513058,0.0
llama2_7b,base,piqa,False,non_mmlu,1838,content_raw,longest_wrong,0.78074,0.323177,45.7563,42.3817,48.9663,3.2923,0.0001,9.861111413150968e-127,above the floor,False,0.513058,0.0
llama2_7b,base,piqa,False,non_mmlu,1838,content_norm,longest_split,0.784548,0.473613,31.0936,28.5909,33.5147,2.4619,0.0001,,above the floor,False,0.50272,0.0
llama2_7b,base,piqa,False,non_mmlu,1838,content_norm,longest_first,0.784548,0.479325,30.5223,27.6931,33.1882,2.7476,0.0001,5.397993504269194e-91,above the floor,False,0.50272,0.0
llama2_7b,base,piqa,False,non_mmlu,1838,content_norm,longest_last,0.784548,0.4679,31.6649,28.8901,34.4396,2.7748,0.0001,5.750604091198281e-96,above the floor,False,0.50272,0.0
llama2_7b,base,piqa,False,non_mmlu,1838,content_norm,longest_credit,0.784548,0.624048,16.0501,13.3841,18.6616,2.6387,0.0001,1.7056207074141146e-31,above the floor,False,0.50272,0.0
llama2_7b,base,piqa,False,non_mmlu,1838,content_norm,longest_wrong,0.784548,0.323177,46.1371,43.3624,48.803,2.7203,0.0001,9.927650359610133e-177,above the floor,False,0.50272,0.0
llama2_7b,base,winogrande,True,non_mmlu,1267,letter,best_constant_B,0.488556,0.504341,-1.5785,-5.6827,2.5257,4.1042,0.4383,0.46951045636926,AT the floor (n.s.),False,0.544594,0.077348
llama2_7b,base,winogrande,True,non_mmlu,1267,content_raw,longest_split,0.501184,0.502368,-0.1184,-3.4333,3.2755,3.3544,0.9511,,AT the floor (n.s.),False,0.571429,0.002368
llama2_7b,base,winogrande,True,non_mmlu,1267,content_raw,longest_first,0.501184,0.496448,0.4736,-3.1571,4.1851,3.6711,0.802,0.8369324323964776,AT the floor (n.s.),False,0.571429,0.002368
llama2_7b,base,winogrande,True,non_mmlu,1267,content_raw,longest_last,0.501184,0.508287,-0.7103,-4.6567,3.3149,3.9858,0.7245,0.7581693440007742,AT the floor (n.s.),False,0.571429,0.002368
llama2_7b,base,winogrande,True,non_mmlu,1267,content_raw,longest_credit,0.501184,0.744278,-24.3094,-27.8611,-20.6788,3.5912,0.0001,1.042676985026554e-35,BELOW the floor,False,0.571429,0.002368
llama2_7b,base,winogrande,True,non_mmlu,1267,content_raw,longest_wrong,0.501184,0.260458,24.0726,20.442,27.7032,3.6306,0.0001,5.846139263255399e-35,above the floor,False,0.571429,0.002368
llama2_7b,base,winogrande,True,non_mmlu,1267,content_norm,longest_split,0.502762,0.502368,0.0395,-2.0916,2.0916,2.0916,0.9697,,AT the floor (n.s.),False,0.549329,0.002368
llama2_7b,base,winogrande,True,non_mmlu,1267,content_norm,longest_first,0.502762,0.496448,0.6314,-2.0521,3.3149,2.6835,0.6302,0.6841764893820623,AT the floor (n.s.),False,0.549329,0.002368
llama2_7b,base,winogrande,True,non_mmlu,1267,content_norm,longest_last,0.502762,0.508287,-0.5525,-3.5517,2.4467,2.9992,0.7002,0.7585935906968221,AT the floor (n.s.),False,0.549329,0.002368
llama2_7b,base,winogrande,True,non_mmlu,1267,content_norm,longest_credit,0.502762,0.744278,-24.1515,-26.6772,-21.7048,2.4862,0.0001,3.6335140287151586e-75,BELOW the floor,False,0.549329,0.002368
llama2_7b,base,winogrande,True,non_mmlu,1267,content_norm,longest_wrong,0.502762,0.260458,24.2305,21.7048,26.7561,2.5257,0.0001,1.9064467225182947e-75,above the floor,False,0.549329,0.002368
llama2_7b,k14,arc_challenge,False,non_mmlu,1172,letter,best_constant_B,0.226109,0.265358,-3.9249,-7.8498,0.0,3.9249,0.0499,0.06069876162662261,BELOW the floor,False,0.999147,0.0
llama2_7b,k14,arc_challenge,False,non_mmlu,1172,content_raw,longest_split,0.231229,0.268871,-3.7642,-7.4432,-0.0881,3.6775,0.0438,,BELOW the floor,False,0.396758,0.0
llama2_7b,k14,arc_challenge,False,non_mmlu,1172,content_raw,longest_first,0.231229,0.261945,-3.0717,-7.0819,0.8532,3.9676,0.1306,0.14047594422828874,AT the floor (n.s.),False,0.396758,0.0
llama2_7b,k14,arc_challenge,False,non_mmlu,1172,content_raw,longest_last,0.231229,0.277304,-4.6075,-8.7031,-0.6826,4.0102,0.0215,0.02686793434700452,BELOW the floor,False,0.396758,0.0
llama2_7b,k14,arc_challenge,False,non_mmlu,1172,content_raw,longest_credit,0.231229,0.446246,-21.5017,-25.7679,-17.1502,4.3089,0.0001,5.5653206291945435e-21,BELOW the floor,False,0.396758,0.0
llama2_7b,k14,arc_challenge,False,non_mmlu,1172,content_raw,longest_wrong,0.231229,0.15785,7.3379,3.7543,10.8362,3.541,0.0002,6.325983792536095e-05,above the floor,False,0.396758,0.0
llama2_7b,k14,arc_challenge,False,non_mmlu,1172,content_norm,longest_split,0.262799,0.268871,-0.6072,-3.6391,2.4318,3.0355,0.6908,,AT the floor (n.s.),False,0.266212,0.0
llama2_7b,k14,arc_challenge,False,non_mmlu,1172,content_norm,longest_first,0.262799,0.261945,0.0853,-3.3276,3.4983,3.413,0.9667,0.9999999999999035,AT the floor (n.s.),False,0.266212,0.0
llama2_7b,k14,arc_challenge,False,non_mmlu,1172,content_norm,longest_last,0.262799,0.277304,-1.4505,-4.8635,1.8771,3.3703,0.405,0.4366364615281247,AT the floor (n.s.),False,0.266212,0.0
llama2_7b,k14,arc_challenge,False,non_mmlu,1172,content_norm,longest_credit,0.262799,0.446246,-18.3447,-21.9283,-14.7611,3.5836,0.0001,1.2530874772920689e-21,BELOW the floor,False,0.266212,0.0
llama2_7b,k14,arc_challenge,False,non_mmlu,1172,content_norm,longest_wrong,0.262799,0.15785,10.4949,7.4232,13.5666,3.0717,0.0001,7.922464565994462e-11,above the floor,False,0.266212,0.0
llama2_7b,k14,arc_easy,False,non_mmlu,2376,letter,best_constant_C,0.251684,0.266414,-1.4731,-4.2508,1.431,2.8409,0.32139999999999996,0.3317312399734199,AT the floor (n.s.),False,0.997896,0.000842
llama2_7b,k14,arc_easy,False,non_mmlu,2376,content_raw,longest_split,0.282828,0.240215,4.2614,1.5362,6.9515,2.7077,0.002,,above the floor,False,0.359007,0.0
llama2_7b,k14,arc_easy,False,non_mmlu,2376,content_raw,longest_first,0.282828,0.243687,3.9141,1.0101,6.7761,2.883,0.0076,0.007756423702936035,above the floor,False,0.359007,0.0
llama2_7b,k14,arc_easy,False,non_mmlu,2376,content_raw,longest_last,0.282828,0.226852,5.5976,2.7357,8.4175,2.8409,0.0001,0.00011281541468622498,above the floor,False,0.359007,0.0
llama2_7b,k14,arc_easy,False,non_mmlu,2376,content_raw,longest_credit,0.282828,0.405724,-12.2896,-15.4461,-9.133,3.1566,0.0001,2.5400922923176994e-14,BELOW the floor,False,0.359007,0.0
llama2_7b,k14,arc_easy,False,non_mmlu,2376,content_raw,longest_wrong,0.282828,0.13931,14.3519,11.7845,16.8771,2.5463,0.0001,1.9232851683089133e-27,above the floor,False,0.359007,0.0
llama2_7b,k14,arc_easy,False,non_mmlu,2376,content_norm,longest_split,0.286195,0.240215,4.5981,2.4971,6.7376,2.1202,0.0001,,above the floor,False,0.264731,0.0
llama2_7b,k14,arc_easy,False,non_mmlu,2376,content_norm,longest_first,0.286195,0.243687,4.2508,1.9781,6.5657,2.2938,0.0004,0.00043878518762265414,above the floor,False,0.264731,0.0
llama2_7b,k14,arc_easy,False,non_mmlu,2376,content_norm,longest_last,0.286195,0.226852,5.9343,3.5774,8.2912,2.3569,0.0001,1.1634755921157747e-06,above the floor,False,0.264731,0.0
llama2_7b,k14,arc_easy,False,non_mmlu,2376,content_norm,longest_credit,0.286195,0.405724,-11.9529,-14.436,-9.4697,2.4832,0.0001,7.2880363736471e-20,BELOW the floor,False,0.264731,0.0
llama2_7b,k14,arc_easy,False,non_mmlu,2376,content_norm,longest_wrong,0.286195,0.13931,14.6886,12.5421,16.8771,2.1675,0.0001,9.478972660496267e-39,above the floor,False,0.264731,0.0
llama2_7b,k14,openbookqa,False,non_mmlu,500,letter,best_constant_A,0.272,0.276,-0.4,-1.2,0.4,0.8,0.3208,0.6249999999999994,AT the floor (n.s.),True,0.978,0.0
llama2_7b,k14,openbookqa,False,non_mmlu,500,content_raw,longest_split,0.142,0.375833,-23.3833,-28.8167,-17.9833,5.4167,0.0001,,BELOW the floor,False,0.266,0.0
llama2_7b,k14,openbookqa,False,non_mmlu,500,content_raw,longest_first,0.142,0.398,-25.6,-31.6,-19.8,5.9,0.0001,1.4794180173529219e-15,BELOW the floor,False,0.266,0.0
llama2_7b,k14,openbookqa,False,non_mmlu,500,content_raw,longest_last,0.142,0.36,-21.8,-27.6,-16.0,5.8,0.0001,2.8033218617560323e-12,BELOW the floor,False,0.266,0.0
llama2_7b,k14,openbookqa,False,non_mmlu,500,content_raw,longest_credit,0.142,0.536,-39.4,-45.6,-33.4,6.1,0.0001,5.600339055047535e-30,BELOW the floor,False,0.266,0.0
llama2_7b,k14,openbookqa,False,non_mmlu,500,content_raw,longest_wrong,0.142,0.278,-13.6,-19.0,-8.2,5.4,0.0001,3.127342900041224e-06,BELOW the floor,False,0.266,0.0
llama2_7b,k14,openbookqa,False,non_mmlu,500,content_norm,longest_split,0.25,0.375833,-12.5833,-17.2837,-7.8333,4.7252,0.0001,,BELOW the floor,False,0.272,0.0
llama2_7b,k14,openbookqa,False,non_mmlu,500,content_norm,longest_first,0.25,0.398,-14.8,-19.8,-9.6,5.1,0.0001,4.924832089626352e-08,BELOW the floor,False,0.272,0.0
llama2_7b,k14,openbookqa,False,non_mmlu,500,content_norm,longest_last,0.25,0.36,-11.0,-16.4,-5.6,5.4,0.0001,9.993756535847666e-05,BELOW the floor,False,0.272,0.0
llama2_7b,k14,openbookqa,False,non_mmlu,500,content_norm,longest_credit,0.25,0.536,-28.6,-34.0,-23.4,5.3,0.0001,1.6342269707137996e-23,BELOW the floor,False,0.272,0.0
llama2_7b,k14,openbookqa,False,non_mmlu,500,content_norm,longest_wrong,0.25,0.278,-2.8,-7.8,2.2,5.0,0.2769,0.31587491161295744,AT the floor (n.s.),False,0.272,0.0
llama2_7b,k14,commonsense_qa,False,non_mmlu,1221,letter,best_constant_B,0.19656,0.208845,-1.2285,-4.8321,2.2113,3.5217,0.5002,0.5292253927212857,AT the floor (n.s.),False,0.998362,0.000819
llama2_7b,k14,commonsense_qa,False,non_mmlu,1221,content_raw,longest_split,0.199017,0.205747,-0.6729,-3.8781,2.6879,3.283,0.6988,,AT the floor (n.s.),False,0.226863,0.007371
llama2_7b,k14,commonsense_qa,False,non_mmlu,1221,content_raw,longest_first,0.199017,0.213759,-1.4742,-4.9959,2.0475,3.5217,0.4199,0.44253010545556115,AT the floor (n.s.),False,0.226863,0.007371
llama2_7b,k14,commonsense_qa,False,non_mmlu,1221,content_raw,longest_last,0.199017,0.198198,0.0819,-3.3579,3.6855,3.5217,0.9558,1.0,AT the floor (n.s.),False,0.226863,0.007371
llama2_7b,k14,commonsense_qa,False,non_mmlu,1221,content_raw,longest_credit,0.199017,0.364455,-16.5438,-20.3931,-12.4488,3.9722,0.0001,2.0996674589755786e-15,BELOW the floor,False,0.226863,0.007371
llama2_7b,k14,commonsense_qa,False,non_mmlu,1221,content_raw,longest_wrong,0.199017,0.116298,8.2719,5.2416,11.3841,3.0713,0.0001,2.771020780977792e-07,above the floor,False,0.226863,0.007371
llama2_7b,k14,commonsense_qa,False,non_mmlu,1221,content_norm,longest_split,0.257985,0.205747,5.2239,2.4897,7.8748,2.6926,0.0004,,above the floor,False,0.21294,0.009009
llama2_7b,k14,commonsense_qa,False,non_mmlu,1221,content_norm,longest_first,0.257985,0.213759,4.4226,1.3923,7.371,2.9894,0.0041,0.004660402716798791,above the floor,False,0.21294,0.009009
llama2_7b,k14,commonsense_qa,False,non_mmlu,1221,content_norm,longest_last,0.257985,0.198198,5.9787,2.9484,9.009,3.0303,0.0002,0.00012067843854005136,above the floor,False,0.21294,0.009009
llama2_7b,k14,commonsense_qa,False,non_mmlu,1221,content_norm,longest_credit,0.257985,0.364455,-10.647,-13.8411,-7.5348,3.1532,0.0001,7.680809495009415e-11,BELOW the floor,False,0.21294,0.009009
llama2_7b,k14,commonsense_qa,False,non_mmlu,1221,content_norm,longest_wrong,0.257985,0.116298,14.1687,11.3841,16.8714,2.7437,0.0001,2.458576742675832e-22,above the floor,False,0.21294,0.009009
llama2_7b,k14,piqa,False,non_mmlu,1838,letter,best_constant_B,0.493471,0.504897,-1.1425,-5.6039,3.482,4.543,0.6095,0.6351945974915779,AT the floor (n.s.),False,0.966812,0.001632
llama2_7b,k14,piqa,False,non_mmlu,1838,content_raw,longest_split,0.552775,0.473613,7.9162,3.8901,11.8335,3.9717,0.00030000000000000003,,above the floor,False,0.522307,0.0
llama2_7b,k14,piqa,False,non_mmlu,1838,content_raw,longest_first,0.552775,0.479325,7.3449,3.0468,11.4799,4.2165,0.0006,0.0005619933359574637,above the floor,False,0.522307,0.0
llama2_7b,k14,piqa,False,non_mmlu,1838,content_raw,longest_last,0.552775,0.4679,8.4875,4.1893,12.6768,4.2437,0.0002,5.5831197479075784e-05,above the floor,False,0.522307,0.0
llama2_7b,k14,piqa,False,non_mmlu,1838,content_raw,longest_credit,0.552775,0.624048,-7.1273,-11.2622,-2.9924,4.1349,0.001,0.0006271041869444437,BELOW the floor,False,0.522307,0.0
llama2_7b,k14,piqa,False,non_mmlu,1838,content_raw,longest_wrong,0.552775,0.323177,22.9597,18.8248,27.0403,4.1077,0.0001,4.535388563467308e-27,above the floor,False,0.522307,0.0
llama2_7b,k14,piqa,False,non_mmlu,1838,content_norm,longest_split,0.540261,0.473613,6.6649,3.6725,9.5763,2.9519,0.0001,,above the floor,False,0.506529,0.0
llama2_7b,k14,piqa,False,non_mmlu,1838,content_norm,longest_first,0.540261,0.479325,6.0936,2.8836,9.2492,3.1828,0.0004,0.00023341572231218606,above the floor,False,0.506529,0.0
llama2_7b,k14,piqa,False,non_mmlu,1838,content_norm,longest_last,0.540261,0.4679,7.2361,3.9717,10.3917,3.21,0.0002,8.584186335357232e-06,above the floor,False,0.506529,0.0
llama2_7b,k14,piqa,False,non_mmlu,1838,content_norm,longest_credit,0.540261,0.624048,-8.3787,-11.4812,-5.2775,3.1019,0.0001,1.3796139510981835e-07,BELOW the floor,False,0.506529,0.0
llama2_7b,k14,piqa,False,non_mmlu,1838,content_norm,longest_wrong,0.540261,0.323177,21.7084,18.4984,24.864,3.1828,0.0001,2.055356059073171e-39,above the floor,False,0.506529,0.0
llama2_7b,k14,winogrande,True,non_mmlu,1267,letter,best_constant_B,0.495659,0.504341,-0.8682,-6.5509,4.6567,5.6038,0.754,0.7787704259270514,AT the floor (n.s.),False,1.0,0.0
llama2_7b,k14,winogrande,True,non_mmlu,1267,content_raw,longest_split,0.503552,0.502368,0.1184,-4.1831,4.4594,4.3212,0.9402,,AT the floor (n.s.),False,0.501184,0.0
llama2_7b,k14,winogrande,True,non_mmlu,1267,content_raw,longest_first,0.503552,0.496448,0.7103,-3.8674,5.4459,4.6567,0.7527999999999999,0.791877512180615,AT the floor (n.s.),False,0.501184,0.0
llama2_7b,k14,winogrande,True,non_mmlu,1267,content_raw,longest_last,0.503552,0.508287,-0.4736,-5.2092,4.341,4.7751,0.8478,0.8707372207557906,AT the floor (n.s.),False,0.501184,0.0
llama2_7b,k14,winogrande,True,non_mmlu,1267,content_raw,longest_credit,0.503552,0.744278,-24.0726,-28.5714,-19.5738,4.4988,0.0001,7.839552170127124e-24,BELOW the floor,False,0.501184,0.0
llama2_7b,k14,winogrande,True,non_mmlu,1267,content_raw,longest_wrong,0.503552,0.260458,24.3094,19.8106,28.8871,4.5383,0.0001,3.724880119104254e-24,above the floor,False,0.501184,0.0
llama2_7b,k14,winogrande,True,non_mmlu,1267,content_norm,longest_split,0.50513,0.502368,0.2762,-2.0916,2.723,2.4073,0.8174,,AT the floor (n.s.),False,0.515391,0.0
llama2_7b,k14,winogrande,True,non_mmlu,1267,content_norm,longest_first,0.50513,0.496448,0.8682,-2.131,3.9463,3.0387,0.5589,0.6121976029019209,AT the floor (n.s.),False,0.515391,0.0
llama2_7b,k14,winogrande,True,non_mmlu,1267,content_norm,longest_last,0.50513,0.508287,-0.3157,-3.4728,2.7624,3.1176,0.8438,0.8828061866871751,AT the floor (n.s.),False,0.515391,0.0
llama2_7b,k14,winogrande,True,non_mmlu,1267,content_norm,longest_credit,0.50513,0.744278,-23.9148,-26.6772,-21.1523,2.7624,0.0001,5.3289510782247346e-58,BELOW the floor,False,0.515391,0.0
llama2_7b,k14,winogrande,True,non_mmlu,1267,content_norm,longest_wrong,0.50513,0.260458,24.4672,21.7048,27.3086,2.8019,0.0001,4.203910412551078e-60,above the floor,False,0.515391,0.0
llama2_7b,k12,arc_challenge,False,non_mmlu,1172,letter,best_constant_B,0.226109,0.265358,-3.9249,-7.8498,0.0,3.9249,0.0499,0.06069876162662261,BELOW the floor,False,0.999147,0.0
llama2_7b,k12,arc_challenge,False,non_mmlu,1172,content_raw,longest_split,0.224403,0.268871,-4.4468,-8.1485,-0.8374,3.6556,0.0164,,BELOW the floor,False,0.390785,0.0
llama2_7b,k12,arc_challenge,False,non_mmlu,1172,content_raw,longest_first,0.224403,0.261945,-3.7543,-7.6792,0.0853,3.8823,0.0598,0.06960658902378283,AT the floor (n.s.),False,0.390785,0.0
llama2_7b,k12,arc_challenge,False,non_mmlu,1172,content_raw,longest_last,0.224403,0.277304,-5.2901,-9.2172,-1.3652,3.926,0.0111,0.010555435938803174,BELOW the floor,False,0.390785,0.0
llama2_7b,k12,arc_challenge,False,non_mmlu,1172,content_raw,longest_credit,0.224403,0.446246,-22.1843,-26.5358,-17.8328,4.3515,0.0001,4.966483730110264e-22,BELOW the floor,False,0.390785,0.0
llama2_7b,k12,arc_challenge,False,non_mmlu,1172,content_raw,longest_wrong,0.224403,0.15785,6.6553,3.157,10.0683,3.4556,0.0002,0.00026606789151314823,above the floor,False,0.390785,0.0
llama2_7b,k12,arc_challenge,False,non_mmlu,1172,content_norm,longest_split,0.243174,0.268871,-2.5697,-5.5888,0.4395,3.0141,0.0858,,AT the floor (n.s.),False,0.264505,0.0
llama2_7b,k12,arc_challenge,False,non_mmlu,1172,content_norm,longest_first,0.243174,0.261945,-1.8771,-5.2048,1.3652,3.285,0.2601,0.28883187636572993,AT the floor (n.s.),False,0.264505,0.0
llama2_7b,k12,arc_challenge,False,non_mmlu,1172,content_norm,longest_last,0.243174,0.277304,-3.413,-6.7406,-0.1706,3.285,0.0407,0.05104022312915051,BELOW the floor,False,0.264505,0.0
llama2_7b,k12,arc_challenge,False,non_mmlu,1172,content_norm,longest_credit,0.243174,0.446246,-20.3072,-23.8055,-16.8089,3.4983,0.0001,2.966176642913946e-27,BELOW the floor,False,0.264505,0.0
llama2_7b,k12,arc_challenge,False,non_mmlu,1172,content_norm,longest_wrong,0.243174,0.15785,8.5324,5.5461,11.5209,2.9874,0.0001,5.3321102406360765e-08,above the floor,False,0.264505,0.0
llama2_7b,k12,arc_easy,False,non_mmlu,2376,letter,best_constant_C,0.250842,0.266414,-1.5572,-4.335,1.3468,2.8409,0.2928,0.30446757623264153,AT the floor (n.s.),False,1.0,0.0
llama2_7b,k12,arc_easy,False,non_mmlu,2376,content_raw,longest_split,0.275673,0.240215,3.5459,0.8803,6.2606,2.6901,0.0086,,above the floor,False,0.35564,0.001263
llama2_7b,k12,arc_easy,False,non_mmlu,2376,content_raw,longest_first,0.275673,0.243687,3.1987,0.3788,6.1027,2.862,0.027100000000000003,0.029377899732143605,above the floor,False,0.35564,0.001263
llama2_7b,k12,arc_easy,False,non_mmlu,2376,content_raw,longest_last,0.275673,0.226852,4.8822,2.0202,7.702,2.8409,0.0002,0.0007351324896884623,above the floor,False,0.35564,0.001263
llama2_7b,k12,arc_easy,False,non_mmlu,2376,content_raw,longest_credit,0.275673,0.405724,-13.0051,-16.1195,-9.8485,3.1355,0.0001,6.658747744880804e-16,BELOW the floor,False,0.35564,0.001263
llama2_7b,k12,arc_easy,False,non_mmlu,2376,content_raw,longest_wrong,0.275673,0.13931,13.6364,11.069,16.1616,2.5463,0.0001,2.690572175896268e-25,above the floor,False,0.35564,0.001263
llama2_7b,k12,arc_easy,False,non_mmlu,2376,content_norm,longest_split,0.273569,0.240215,3.3354,1.1994,5.4538,2.1272,0.0018,,above the floor,False,0.264731,0.001263
llama2_7b,k12,arc_easy,False,non_mmlu,2376,content_norm,longest_first,0.273569,0.243687,2.9882,0.6313,5.3451,2.3569,0.0106,0.013336733683992076,above the floor,False,0.264731,0.001263
llama2_7b,k12,arc_easy,False,non_mmlu,2376,content_norm,longest_last,0.273569,0.226852,4.6717,2.3148,6.9865,2.3359,0.0001,0.0001096488299597137,above the floor,False,0.264731,0.001263
llama2_7b,k12,arc_easy,False,non_mmlu,2376,content_norm,longest_credit,0.273569,0.405724,-13.2155,-15.6566,-10.7744,2.4411,0.0001,1.6754133789606104e-24,BELOW the floor,False,0.264731,0.001263
llama2_7b,k12,arc_easy,False,non_mmlu,2376,content_norm,longest_wrong,0.273569,0.13931,13.4259,11.2374,15.5724,2.1675,0.0001,3.777629831991011e-33,above the floor,False,0.264731,0.001263
llama2_7b,k12,openbookqa,False,non_mmlu,500,letter,best_constant_A,0.276,0.276,0.0,0.0,0.0,0.0,1.0,1.0,AT the floor (n.s.),True,1.0,0.0
llama2_7b,k12,openbookqa,False,non_mmlu,500,content_raw,longest_split,0.124,0.375833,-25.1833,-30.4667,-19.9167,5.275,0.0001,,BELOW the floor,False,0.26,0.0
llama2_7b,k12,openbookqa,False,non_mmlu,500,content_raw,longest_first,0.124,0.398,-27.4,-33.2,-21.6,5.8,0.0001,3.267397423192633e-18,BELOW the floor,False,0.26,0.0
llama2_7b,k12,openbookqa,False,non_mmlu,500,content_raw,longest_last,0.124,0.36,-23.6,-29.2,-18.0,5.6,0.0001,6.974381412436076e-15,BELOW the floor,False,0.26,0.0
llama2_7b,k12,openbookqa,False,non_mmlu,500,content_raw,longest_credit,0.124,0.536,-41.2,-47.2,-35.2,6.0,0.0001,1.0034765447585114e-33,BELOW the floor,False,0.26,0.0
llama2_7b,k12,openbookqa,False,non_mmlu,500,content_raw,longest_wrong,0.124,0.278,-15.4,-20.8,-10.0,5.4,0.0001,5.772531920779821e-08,BELOW the floor,False,0.26,0.0
llama2_7b,k12,openbookqa,False,non_mmlu,500,content_norm,longest_split,0.264,0.375833,-11.1833,-15.9667,-6.45,4.7583,0.0001,,BELOW the floor,False,0.276,0.0
llama2_7b,k12,openbookqa,False,non_mmlu,500,content_norm,longest_first,0.264,0.398,-13.4,-18.6,-8.2,5.2,0.0001,1.0790020404867798e-06,BELOW the floor,False,0.276,0.0
llama2_7b,k12,openbookqa,False,non_mmlu,500,content_norm,longest_last,0.264,0.36,-9.6,-14.805,-4.4,5.2025,0.0006,0.000572033736123281,BELOW the floor,False,0.276,0.0
llama2_7b,k12,openbookqa,False,non_mmlu,500,content_norm,longest_credit,0.264,0.536,-27.2,-32.6,-22.0,5.3,0.0001,1.5187759222950015e-21,BELOW the floor,False,0.276,0.0
llama2_7b,k12,openbookqa,False,non_mmlu,500,content_norm,longest_wrong,0.264,0.278,-1.4,-6.6,3.6,5.1,0.5792999999999999,0.6445422120602934,AT the floor (n.s.),False,0.276,0.0
llama2_7b,k12,commonsense_qa,False,non_mmlu,1221,letter,best_constant_B,0.195741,0.208845,-1.3104,-4.914,2.1294,3.5217,0.4724,0.49979040092666926,AT the floor (n.s.),False,1.0,0.0
llama2_7b,k12,commonsense_qa,False,non_mmlu,1221,content_raw,longest_split,0.191646,0.205747,-1.41,-4.6411,1.8619,3.2515,0.3948,,AT the floor (n.s.),False,0.223587,0.004095
llama2_7b,k12,commonsense_qa,False,non_mmlu,1221,content_raw,longest_first,0.191646,0.213759,-2.2113,-5.733,1.3104,3.5217,0.2152,0.2406201360808442,AT the floor (n.s.),False,0.223587,0.004095
llama2_7b,k12,commonsense_qa,False,non_mmlu,1221,content_raw,longest_last,0.191646,0.198198,-0.6552,-4.095,2.8665,3.4808,0.7064999999999999,0.7473390899198923,AT the floor (n.s.),False,0.223587,0.004095
llama2_7b,k12,commonsense_qa,False,non_mmlu,1221,content_raw,longest_credit,0.191646,0.364455,-17.2809,-21.2121,-13.1859,4.0131,0.0001,1.4056097390351015e-16,BELOW the floor,False,0.223587,0.004095
llama2_7b,k12,commonsense_qa,False,non_mmlu,1221,content_raw,longest_wrong,0.191646,0.116298,7.5348,4.5045,10.5651,3.0303,0.0001,2.4134201687780463e-06,above the floor,False,0.223587,0.004095
llama2_7b,k12,commonsense_qa,False,non_mmlu,1221,content_norm,longest_split,0.235872,0.205747,3.0126,0.4012,5.6484,2.6236,0.0244,,above the floor,False,0.21294,0.005733
llama2_7b,k12,commonsense_qa,False,non_mmlu,1221,content_norm,longest_first,0.235872,0.213759,2.2113,-0.7371,5.0778,2.9075,0.14020000000000002,0.16269328673231756,AT the floor (n.s.),False,0.21294,0.005733
llama2_7b,k12,commonsense_qa,False,non_mmlu,1221,content_norm,longest_last,0.235872,0.198198,3.7674,0.819,6.6339,2.9075,0.011300000000000001,0.013123439073321625,above the floor,False,0.21294,0.005733
llama2_7b,k12,commonsense_qa,False,non_mmlu,1221,content_norm,longest_credit,0.235872,0.364455,-12.8583,-15.9705,-9.7461,3.1122,0.0001,5.6799198565566405e-15,BELOW the floor,False,0.21294,0.005733
llama2_7b,k12,commonsense_qa,False,non_mmlu,1221,content_norm,longest_wrong,0.235872,0.116298,11.9574,9.3366,14.5782,2.6208,0.0001,1.6413534446830907e-17,above the floor,False,0.21294,0.005733
llama2_7b,k12,piqa,False,non_mmlu,1838,letter,best_constant_B,0.494559,0.504897,-1.0337,-5.6039,3.5922,4.5981,0.6504,0.6741845750008619,AT the floor (n.s.),False,0.99728,0.0
llama2_7b,k12,piqa,False,non_mmlu,1838,content_raw,longest_split,0.538085,0.473613,6.4472,2.3939,10.3917,3.9989,0.0016,,above the floor,False,0.515234,0.0
llama2_7b,k12,piqa,False,non_mmlu,1838,content_raw,longest_first,0.538085,0.479325,5.876,1.5778,10.0109,4.2165,0.0058,0.005942816930822271,above the floor,False,0.515234,0.0
llama2_7b,k12,piqa,False,non_mmlu,1838,content_raw,longest_last,0.538085,0.4679,7.0185,2.7748,11.1534,4.1893,0.001,0.0009475022706172362,above the floor,False,0.515234,0.0
llama2_7b,k12,piqa,False,non_mmlu,1838,content_raw,longest_credit,0.538085,0.624048,-8.5963,-12.7312,-4.4614,4.1349,0.0001,4.467566144410314e-05,BELOW the floor,False,0.515234,0.0
llama2_7b,k12,piqa,False,non_mmlu,1838,content_raw,longest_wrong,0.538085,0.323177,21.4908,17.3014,25.5169,4.1077,0.0001,4.5439044967793205e-24,above the floor,False,0.515234,0.0
llama2_7b,k12,piqa,False,non_mmlu,1838,content_norm,longest_split,0.521219,0.473613,4.7606,1.7682,7.7265,2.9791,0.0014,,above the floor,False,0.507073,0.0
llama2_7b,k12,piqa,False,non_mmlu,1838,content_norm,longest_first,0.521219,0.479325,4.1893,0.9793,7.4007,3.2107,0.011899999999999999,0.012134351921553075,above the floor,False,0.507073,0.0
llama2_7b,k12,piqa,False,non_mmlu,1838,content_norm,longest_last,0.521219,0.4679,5.3319,2.0675,8.5419,3.2372,0.0011,0.0012579567490896206,above the floor,False,0.507073,0.0
llama2_7b,k12,piqa,False,non_mmlu,1838,content_norm,longest_credit,0.521219,0.624048,-10.2829,-13.4385,-7.1273,3.1556,0.0001,2.360481064141317e-10,BELOW the floor,False,0.507073,0.0
llama2_7b,k12,piqa,False,non_mmlu,1838,content_norm,longest_wrong,0.521219,0.323177,19.8041,16.5941,22.9597,3.1828,0.0001,3.232945173424983e-33,above the floor,False,0.507073,0.0
llama2_7b,k12,winogrande,True,non_mmlu,1267,letter,best_constant_B,0.495659,0.504341,-0.8682,-6.5509,4.6567,5.6038,0.754,0.7787704259270514,AT the floor (n.s.),False,1.0,0.0
llama2_7b,k12,winogrande,True,non_mmlu,1267,content_raw,longest_split,0.499605,0.502368,-0.2762,-4.5777,4.1436,4.3607,0.9075,,AT the floor (n.s.),False,0.503552,0.000789
llama2_7b,k12,winogrande,True,non_mmlu,1267,content_raw,longest_first,0.499605,0.496448,0.3157,-4.262,5.1302,4.6961,0.8842,0.9217261953686879,AT the floor (n.s.),False,0.503552,0.000789
llama2_7b,k12,winogrande,True,non_mmlu,1267,content_raw,longest_last,0.499605,0.508287,-0.8682,-5.6847,3.9463,4.8155,0.7315999999999999,0.7472856820392112,AT the floor (n.s.),False,0.503552,0.000789
llama2_7b,k12,winogrande,True,non_mmlu,1267,content_raw,longest_credit,0.499605,0.744278,-24.4672,-28.9661,-19.8895,4.5383,0.0001,3.728322949616798e-24,BELOW the floor,False,0.503552,0.000789
llama2_7b,k12,winogrande,True,non_mmlu,1267,content_raw,longest_wrong,0.499605,0.260458,23.9148,19.414,28.5714,4.5787,0.0001,4.6766121550714826e-23,above the floor,False,0.503552,0.000789
llama2_7b,k12,winogrande,True,non_mmlu,1267,content_norm,longest_split,0.496448,0.502368,-0.5919,-3.1176,1.9337,2.5257,0.6513,,AT the floor (n.s.),False,0.514601,0.000789
llama2_7b,k12,winogrande,True,non_mmlu,1267,content_norm,longest_first,0.496448,0.496448,0.0,-3.1571,3.1571,3.1571,0.9953,1.0,AT the floor (n.s.),False,0.514601,0.000789
llama2_7b,k12,winogrande,True,non_mmlu,1267,content_norm,longest_last,0.496448,0.508287,-1.1839,-4.4199,1.9732,3.1965,0.4628,0.5011217787133255,AT the floor (n.s.),False,0.514601,0.000789
llama2_7b,k12,winogrande,True,non_mmlu,1267,content_norm,longest_credit,0.496448,0.744278,-24.783,-27.7032,-21.9416,2.8808,0.0001,1.3555812253518125e-59,BELOW the floor,False,0.514601,0.000789
llama2_7b,k12,winogrande,True,non_mmlu,1267,content_norm,longest_wrong,0.496448,0.260458,23.5991,20.6788,26.5193,2.9203,0.0001,5.404803959919985e-53,above the floor,False,0.514601,0.000789
llama2_7b,k10,arc_challenge,False,non_mmlu,1172,letter,best_constant_B,0.221843,0.265358,-4.3515,-8.1058,-0.5973,3.7543,0.023,0.028084397558901054,BELOW the floor,False,0.780717,0.00256
llama2_7b,k10,arc_challenge,False,non_mmlu,1172,content_raw,longest_split,0.212457,0.268871,-5.6414,-9.2605,-2.0832,3.5887,0.0012,,BELOW the floor,False,0.395051,0.0
llama2_7b,k10,arc_challenge,False,non_mmlu,1172,content_raw,longest_first,0.212457,0.261945,-4.9488,-8.8737,-1.1092,3.8823,0.0113,0.015003199230046511,BELOW the floor,False,0.395051,0.0
llama2_7b,k10,arc_challenge,False,non_mmlu,1172,content_raw,longest_last,0.212457,0.277304,-6.4846,-10.4096,-2.5597,3.9249,0.001,0.0014761242823190838,BELOW the floor,False,0.395051,0.0
llama2_7b,k10,arc_challenge,False,non_mmlu,1172,content_raw,longest_credit,0.212457,0.446246,-23.3788,-27.6451,-19.1126,4.2662,0.0001,8.103416783862702e-25,BELOW the floor,False,0.395051,0.0
llama2_7b,k10,arc_challenge,False,non_mmlu,1172,content_raw,longest_wrong,0.212457,0.15785,5.4608,1.9625,8.8737,3.4556,0.0016,0.0024547672511241454,above the floor,False,0.395051,0.0
llama2_7b,k10,arc_challenge,False,non_mmlu,1172,content_norm,longest_split,0.238908,0.268871,-2.9963,-5.95,-0.0668,2.9416,0.0446,,BELOW the floor,False,0.254266,0.0
llama2_7b,k10,arc_challenge,False,non_mmlu,1172,content_norm,longest_first,0.238908,0.261945,-2.3038,-5.6314,0.9386,3.285,0.16199999999999998,0.1839276479844418,AT the floor (n.s.),False,0.254266,0.0
llama2_7b,k10,arc_challenge,False,non_mmlu,1172,content_norm,longest_last,0.238908,0.277304,-3.8396,-7.2526,-0.5119,3.3703,0.0252,0.02985576892142312,BELOW the floor,False,0.254266,0.0
llama2_7b,k10,arc_challenge,False,non_mmlu,1172,content_norm,longest_credit,0.238908,0.446246,-20.7338,-24.2321,-17.3208,3.4556,0.0001,8.224471491856671e-29,BELOW the floor,False,0.254266,0.0
llama2_7b,k10,arc_challenge,False,non_mmlu,1172,content_norm,longest_wrong,0.238908,0.15785,8.1058,5.0341,11.0922,3.029,0.0001,2.1593120418665038e-07,above the floor,False,0.254266,0.0
llama2_7b,k10,arc_easy,False,non_mmlu,2376,letter,best_constant_C,0.243266,0.266414,-2.3148,-4.9663,0.4219,2.6941,0.096,0.10548575617782886,AT the floor (n.s.),False,0.805976,0.003367
llama2_7b,k10,arc_easy,False,non_mmlu,2376,content_raw,longest_split,0.274832,0.240215,3.4617,0.8172,6.0676,2.6252,0.011,,above the floor,False,0.364057,0.0
llama2_7b,k10,arc_easy,False,non_mmlu,2376,content_raw,longest_first,0.274832,0.243687,3.1145,0.2936,5.9343,2.8204,0.0338,0.033233039834035465,above the floor,False,0.364057,0.0
llama2_7b,k10,arc_easy,False,non_mmlu,2376,content_raw,longest_last,0.274832,0.226852,4.798,2.0202,7.5758,2.7778,0.0004,0.0008721030170708448,above the floor,False,0.364057,0.0
llama2_7b,k10,arc_easy,False,non_mmlu,2376,content_raw,longest_credit,0.274832,0.405724,-13.0892,-16.1616,-10.0579,3.0519,0.0001,2.823086524770875e-16,BELOW the floor,False,0.364057,0.0
llama2_7b,k10,arc_easy,False,non_mmlu,2376,content_raw,longest_wrong,0.274832,0.13931,13.5522,10.9848,16.0774,2.5463,0.0001,4.766212129725155e-25,above the floor,False,0.364057,0.0
llama2_7b,k10,arc_easy,False,non_mmlu,2376,content_norm,longest_split,0.271044,0.240215,3.0829,0.9573,5.2048,2.1238,0.0034,,above the floor,False,0.268519,0.0
llama2_7b,k10,arc_easy,False,non_mmlu,2376,content_norm,longest_first,0.271044,0.243687,2.7357,0.4209,5.0505,2.3148,0.0186,0.023330456195229967,above the floor,False,0.268519,0.0
llama2_7b,k10,arc_easy,False,non_mmlu,2376,content_norm,longest_last,0.271044,0.226852,4.4192,2.1044,6.734,2.3148,0.0001,0.00022536648941625653,above the floor,False,0.268519,0.0
llama2_7b,k10,arc_easy,False,non_mmlu,2376,content_norm,longest_credit,0.271044,0.405724,-13.468,-15.9512,-10.9428,2.5042,0.0001,1.6489927484306827e-25,BELOW the floor,False,0.268519,0.0
llama2_7b,k10,arc_easy,False,non_mmlu,2376,content_norm,longest_wrong,0.271044,0.13931,13.1734,11.0269,15.3199,2.1465,0.0001,2.200168392580949e-32,above the floor,False,0.268519,0.0
llama2_7b,k10,openbookqa,False,non_mmlu,500,letter,best_constant_A,0.26,0.276,-1.6,-5.405,2.4,3.9025,0.4308,0.47969249956750964,AT the floor (n.s.),False,0.64,0.002
llama2_7b,k10,openbookqa,False,non_mmlu,500,content_raw,longest_split,0.144,0.375833,-23.1833,-28.6671,-17.7833,5.4419,0.0001,,BELOW the floor,False,0.266,0.0
llama2_7b,k10,openbookqa,False,non_mmlu,500,content_raw,longest_first,0.144,0.398,-25.4,-31.4,-19.6,5.9,0.0001,2.202443634811799e-15,BELOW the floor,False,0.266,0.0
llama2_7b,k10,openbookqa,False,non_mmlu,500,content_raw,longest_last,0.144,0.36,-21.6,-27.4,-15.8,5.8,0.0001,4.054118168442179e-12,BELOW the floor,False,0.266,0.0
llama2_7b,k10,openbookqa,False,non_mmlu,500,content_raw,longest_credit,0.144,0.536,-39.2,-45.2,-33.2,6.0,0.0001,2.1077457710552073e-30,BELOW the floor,False,0.266,0.0
llama2_7b,k10,openbookqa,False,non_mmlu,500,content_raw,longest_wrong,0.144,0.278,-13.4,-19.0,-8.0,5.5,0.0001,4.645513202995664e-06,BELOW the floor,False,0.266,0.0
llama2_7b,k10,openbookqa,False,non_mmlu,500,content_norm,longest_split,0.252,0.375833,-12.3833,-17.2,-7.65,4.775,0.0001,,BELOW the floor,False,0.282,0.0
llama2_7b,k10,openbookqa,False,non_mmlu,500,content_norm,longest_first,0.252,0.398,-14.6,-19.8,-9.4,5.2,0.0001,1.346152337332897e-07,BELOW the floor,False,0.282,0.0
llama2_7b,k10,openbookqa,False,non_mmlu,500,content_norm,longest_last,0.252,0.36,-10.8,-16.2,-5.4,5.4,0.0001,0.0001002348109825923,BELOW the floor,False,0.282,0.0
llama2_7b,k10,openbookqa,False,non_mmlu,500,content_norm,longest_credit,0.252,0.536,-28.4,-33.6,-23.4,5.1,0.0001,1.5560321653622117e-23,BELOW the floor,False,0.282,0.0
llama2_7b,k10,openbookqa,False,non_mmlu,500,content_norm,longest_wrong,0.252,0.278,-2.6,-7.8,2.4,5.1,0.3173,0.35313775401238945,AT the floor (n.s.),False,0.282,0.0
llama2_7b,k10,commonsense_qa,False,non_mmlu,1221,letter,best_constant_B,0.197379,0.208845,-1.1466,-4.6683,2.2932,3.4808,0.5192,0.5521517785661927,AT the floor (n.s.),False,0.974611,0.001638
llama2_7b,k10,commonsense_qa,False,non_mmlu,1221,content_raw,longest_split,0.194922,0.205747,-1.0824,-4.3503,2.2536,3.302,0.52,,AT the floor (n.s.),False,0.23751,0.004095
llama2_7b,k10,commonsense_qa,False,non_mmlu,1221,content_raw,longest_first,0.194922,0.213759,-1.8837,-5.4054,1.638,3.5217,0.2927,0.3217702262788654,AT the floor (n.s.),False,0.23751,0.004095
llama2_7b,k10,commonsense_qa,False,non_mmlu,1221,content_raw,longest_last,0.194922,0.198198,-0.3276,-3.8493,3.1941,3.5217,0.8622,0.8906505431224417,AT the floor (n.s.),False,0.23751,0.004095
llama2_7b,k10,commonsense_qa,False,non_mmlu,1221,content_raw,longest_credit,0.194922,0.364455,-16.9533,-20.9664,-12.8583,4.0541,0.0001,6.548080276283584e-16,BELOW the floor,False,0.23751,0.004095
llama2_7b,k10,commonsense_qa,False,non_mmlu,1221,content_raw,longest_wrong,0.194922,0.116298,7.8624,4.8321,10.9746,3.0713,0.0001,9.668026767882005e-07,above the floor,False,0.23751,0.004095
llama2_7b,k10,commonsense_qa,False,non_mmlu,1221,content_norm,longest_split,0.235872,0.205747,3.0126,0.3276,5.6552,2.6638,0.0262,,above the floor,False,0.217854,0.004095
llama2_7b,k10,commonsense_qa,False,non_mmlu,1221,content_norm,longest_first,0.235872,0.213759,2.2113,-0.6552,5.1597,2.9075,0.13729999999999998,0.15411152578460355,AT the floor (n.s.),False,0.217854,0.004095
llama2_7b,k10,commonsense_qa,False,non_mmlu,1221,content_norm,longest_last,0.235872,0.198198,3.7674,0.819,6.6339,2.9075,0.0128,0.013403036868923619,above the floor,False,0.217854,0.004095
llama2_7b,k10,commonsense_qa,False,non_mmlu,1221,content_norm,longest_credit,0.235872,0.364455,-12.8583,-16.0524,-9.5823,3.2351,0.0001,6.6570947345724755e-15,BELOW the floor,False,0.217854,0.004095
llama2_7b,k10,commonsense_qa,False,non_mmlu,1221,content_norm,longest_wrong,0.235872,0.116298,11.9574,9.2547,14.6601,2.7027,0.0001,9.578039745070265e-18,above the floor,False,0.217854,0.004095
llama2_7b,k10,piqa,False,non_mmlu,1838,letter,best_constant_B,0.480413,0.504897,-2.4483,-6.3112,1.4146,3.8629,0.20829999999999999,0.22638576725787596,AT the floor (n.s.),False,0.719804,0.001632
llama2_7b,k10,piqa,False,non_mmlu,1838,content_raw,longest_split,0.541349,0.473613,6.7737,2.7748,10.7454,3.9853,0.0012,,above the floor,False,0.51197,0.000544
llama2_7b,k10,piqa,False,non_mmlu,1838,content_raw,longest_first,0.541349,0.479325,6.2024,2.0117,10.3373,4.1628,0.0042,0.0036913888868882537,above the floor,False,0.51197,0.000544
llama2_7b,k10,piqa,False,non_mmlu,1838,content_raw,longest_last,0.541349,0.4679,7.3449,3.1012,11.4812,4.19,0.001,0.0005478290601877882,above the floor,False,0.51197,0.000544
llama2_7b,k10,piqa,False,non_mmlu,1838,content_raw,longest_credit,0.541349,0.624048,-8.2699,-12.4048,-4.188,4.1084,0.0001,8.55648369019107e-05,BELOW the floor,False,0.51197,0.000544
llama2_7b,k10,piqa,False,non_mmlu,1838,content_raw,longest_wrong,0.541349,0.323177,21.8172,17.6823,25.8433,4.0805,0.0001,1.2116861860360223e-24,above the floor,False,0.51197,0.000544
llama2_7b,k10,piqa,False,non_mmlu,1838,content_norm,longest_split,0.5321,0.473613,5.8487,2.9652,8.7874,2.9111,0.0001,,above the floor,False,0.503808,0.000544
llama2_7b,k10,piqa,False,non_mmlu,1838,content_norm,longest_first,0.5321,0.479325,5.2775,2.0675,8.4875,3.21,0.0011,0.0013528026639606507,above the floor,False,0.503808,0.000544
llama2_7b,k10,piqa,False,non_mmlu,1838,content_norm,longest_last,0.5321,0.4679,6.42,3.21,9.63,3.21,0.00030000000000000003,8.437959018427648e-05,above the floor,False,0.503808,0.000544
llama2_7b,k10,piqa,False,non_mmlu,1838,content_norm,longest_credit,0.5321,0.624048,-9.1948,-12.296,-6.0392,3.1284,0.0001,9.663104217664745e-09,BELOW the floor,False,0.503808,0.000544
llama2_7b,k10,piqa,False,non_mmlu,1838,content_norm,longest_wrong,0.5321,0.323177,20.8923,17.7911,23.9935,3.1012,0.0001,1.8363652361151344e-37,above the floor,False,0.503808,0.000544
llama2_7b,k10,winogrande,True,non_mmlu,1267,letter,best_constant_B,0.486188,0.504341,-1.8153,-6.2352,2.5257,4.3804,0.43000000000000005,0.44863765095758545,AT the floor (n.s.),False,0.665351,0.001579
llama2_7b,k10,winogrande,True,non_mmlu,1267,content_raw,longest_split,0.505919,0.502368,0.3552,-3.8279,4.7356,4.2818,0.864,,AT the floor (n.s.),False,0.517758,0.0
llama2_7b,k10,winogrande,True,non_mmlu,1267,content_raw,longest_first,0.505919,0.496448,0.9471,-3.4728,5.6827,4.5777,0.6809,0.7147969114975234,AT the floor (n.s.),False,0.517758,0.0
llama2_7b,k10,winogrande,True,non_mmlu,1267,content_raw,longest_last,0.505919,0.508287,-0.2368,-5.0513,4.6567,4.854,0.9226,0.9488813816762768,AT the floor (n.s.),False,0.517758,0.0
llama2_7b,k10,winogrande,True,non_mmlu,1267,content_raw,longest_credit,0.505919,0.744278,-23.8358,-28.1768,-19.2581,4.4594,0.0001,2.307119304547009e-23,BELOW the floor,False,0.517758,0.0
llama2_7b,k10,winogrande,True,non_mmlu,1267,content_raw,longest_wrong,0.505919,0.260458,24.5462,20.0474,29.2028,4.5777,0.0001,3.1409238743318854e-24,above the floor,False,0.517758,0.0
llama2_7b,k10,winogrande,True,non_mmlu,1267,content_norm,longest_split,0.502762,0.502368,0.0395,-2.6835,2.7624,2.723,0.9718,,AT the floor (n.s.),False,0.543015,0.0
llama2_7b,k10,winogrande,True,non_mmlu,1267,content_norm,longest_first,0.502762,0.496448,0.6314,-2.5257,3.8674,3.1965,0.7005,0.7351377180227615,AT the floor (n.s.),False,0.543015,0.0
llama2_7b,k10,winogrande,True,non_mmlu,1267,content_norm,longest_last,0.502762,0.508287,-0.5525,-4.0253,2.8414,3.4333,0.7491,0.7874389828597997,AT the floor (n.s.),False,0.543015,0.0
llama2_7b,k10,winogrande,True,non_mmlu,1267,content_norm,longest_credit,0.502762,0.744278,-24.1515,-27.1507,-21.0734,3.0387,0.0001,6.767867985485764e-51,BELOW the floor,False,0.543015,0.0
llama2_7b,k10,winogrande,True,non_mmlu,1267,content_norm,longest_wrong,0.502762,0.260458,24.2305,21.1523,27.3086,3.0781,0.0001,7.460461264879391e-49,above the floor,False,0.543015,0.0
llama2_7b,k8,arc_challenge,False,non_mmlu,1172,letter,best_constant_B,0.230375,0.265358,-3.4983,-7.0819,0.0,3.541,0.052000000000000005,0.061209916832804474,AT the floor (n.s.),False,0.412116,0.005973
llama2_7b,k8,arc_challenge,False,non_mmlu,1172,content_raw,longest_split,0.213311,0.268871,-5.556,-9.1823,-1.9055,3.6384,0.0022,,BELOW the floor,False,0.379693,0.0
llama2_7b,k8,arc_challenge,False,non_mmlu,1172,content_raw,longest_first,0.213311,0.261945,-4.8635,-8.7884,-1.0239,3.8823,0.013600000000000001,0.016768844399945294,BELOW the floor,False,0.379693,0.0
llama2_7b,k8,arc_challenge,False,non_mmlu,1172,content_raw,longest_last,0.213311,0.277304,-6.3993,-10.241,-2.4744,3.8833,0.0018,0.001691499949113406,BELOW the floor,False,0.379693,0.0
llama2_7b,k8,arc_challenge,False,non_mmlu,1172,content_raw,longest_credit,0.213311,0.446246,-23.2935,-27.5597,-18.942,4.3089,0.0001,2.789873605372893e-24,BELOW the floor,False,0.379693,0.0
llama2_7b,k8,arc_challenge,False,non_mmlu,1172,content_raw,longest_wrong,0.213311,0.15785,5.5461,2.0478,8.959,3.4556,0.0014,0.0020652122979847535,above the floor,False,0.379693,0.0
llama2_7b,k8,arc_challenge,False,non_mmlu,1172,content_norm,longest_split,0.22099,0.268871,-4.7881,-7.6607,-1.9553,2.8527,0.0012,,BELOW the floor,False,0.256826,0.0
llama2_7b,k8,arc_challenge,False,non_mmlu,1172,content_norm,longest_first,0.22099,0.261945,-4.0956,-7.3379,-0.9386,3.1997,0.0105,0.013910675268109674,BELOW the floor,False,0.256826,0.0
llama2_7b,k8,arc_challenge,False,non_mmlu,1172,content_norm,longest_last,0.22099,0.277304,-5.6314,-8.8759,-2.3891,3.2434,0.0013,0.0010327351612605994,BELOW the floor,False,0.256826,0.0
llama2_7b,k8,arc_challenge,False,non_mmlu,1172,content_norm,longest_credit,0.22099,0.446246,-22.5256,-26.0239,-19.1126,3.4556,0.0001,8.652221390786555e-34,BELOW the floor,False,0.256826,0.0
llama2_7b,k8,arc_challenge,False,non_mmlu,1172,content_norm,longest_wrong,0.22099,0.15785,6.314,3.3276,9.215,2.9437,0.0001,3.311385989168948e-05,above the floor,False,0.256826,0.0
llama2_7b,k8,arc_easy,False,non_mmlu,2376,letter,best_constant_C,0.263047,0.266414,-0.3367,-2.7778,2.1044,2.4411,0.7845,0.8151146359882168,AT the floor (n.s.),False,0.409933,0.003788
llama2_7b,k8,arc_easy,False,non_mmlu,2376,content_raw,longest_split,0.266414,0.240215,2.6199,-0.0701,5.2226,2.6464,0.0542,,AT the floor (n.s.),False,0.369108,0.0
llama2_7b,k8,arc_easy,False,non_mmlu,2376,content_raw,longest_first,0.266414,0.243687,2.2727,-0.5892,5.0505,2.8199,0.118,0.11931941213762226,AT the floor (n.s.),False,0.369108,0.0
llama2_7b,k8,arc_easy,False,non_mmlu,2376,content_raw,longest_last,0.266414,0.226852,3.9562,1.0943,6.734,2.8199,0.0067,0.005726441610848214,above the floor,False,0.369108,0.0
llama2_7b,k8,arc_easy,False,non_mmlu,2376,content_raw,longest_credit,0.266414,0.405724,-13.931,-17.0455,-10.8586,3.0934,0.0001,1.7095422189171096e-18,BELOW the floor,False,0.369108,0.0
llama2_7b,k8,arc_easy,False,non_mmlu,2376,content_raw,longest_wrong,0.266414,0.13931,12.7104,10.1431,15.2357,2.5463,0.0001,1.166588736700735e-22,above the floor,False,0.369108,0.0
llama2_7b,k8,arc_easy,False,non_mmlu,2376,content_norm,longest_split,0.275673,0.240215,3.5459,1.473,5.6645,2.0957,0.0004,,above the floor,False,0.263468,0.0
llama2_7b,k8,arc_easy,False,non_mmlu,2376,content_norm,longest_first,0.275673,0.243687,3.1987,0.9259,5.5135,2.2938,0.004,0.007130646679240779,above the floor,False,0.263468,0.0
llama2_7b,k8,arc_easy,False,non_mmlu,2376,content_norm,longest_last,0.275673,0.226852,4.8822,2.5253,7.2391,2.3569,0.0001,4.8595728980242725e-05,above the floor,False,0.263468,0.0
llama2_7b,k8,arc_easy,False,non_mmlu,2376,content_norm,longest_credit,0.275673,0.405724,-13.0051,-15.4461,-10.564,2.4411,0.0001,8.538602347028257e-25,BELOW the floor,False,0.263468,0.0
llama2_7b,k8,arc_easy,False,non_mmlu,2376,content_norm,longest_wrong,0.275673,0.13931,13.6364,11.5309,15.8249,2.147,0.0001,1.998594248955052e-34,above the floor,False,0.263468,0.0
llama2_7b,k8,openbookqa,False,non_mmlu,500,letter,best_constant_A,0.25,0.276,-2.6,-7.6,2.4,5.0,0.32170000000000004,0.3560041265046596,AT the floor (n.s.),False,0.468,0.008
llama2_7b,k8,openbookqa,False,non_mmlu,500,content_raw,longest_split,0.156,0.375833,-21.9833,-27.55,-16.4329,5.5585,0.0001,,BELOW the floor,False,0.268,0.0
llama2_7b,k8,openbookqa,False,non_mmlu,500,content_raw,longest_first,0.156,0.398,-24.2,-30.4,-18.2,6.1,0.0001,1.8740543311427297e-13,BELOW the floor,False,0.268,0.0
llama2_7b,k8,openbookqa,False,non_mmlu,500,content_raw,longest_last,0.156,0.36,-20.4,-26.2,-14.6,5.8,0.0001,7.73529640231736e-11,BELOW the floor,False,0.268,0.0
llama2_7b,k8,openbookqa,False,non_mmlu,500,content_raw,longest_credit,0.156,0.536,-38.0,-44.005,-31.8,6.1025,0.0001,9.588326496137624e-28,BELOW the floor,False,0.268,0.0
llama2_7b,k8,openbookqa,False,non_mmlu,500,content_raw,longest_wrong,0.156,0.278,-12.2,-18.0,-6.6,5.7,0.0001,4.1646452536462344e-05,BELOW the floor,False,0.268,0.0
llama2_7b,k8,openbookqa,False,non_mmlu,500,content_norm,longest_split,0.252,0.375833,-12.3833,-17.35,-7.5833,4.8833,0.0001,,BELOW the floor,False,0.264,0.0
llama2_7b,k8,openbookqa,False,non_mmlu,500,content_norm,longest_first,0.252,0.398,-14.6,-20.0,-9.0,5.5,0.0001,4.3029419710268766e-07,BELOW the floor,False,0.264,0.0
llama2_7b,k8,openbookqa,False,non_mmlu,500,content_norm,longest_last,0.252,0.36,-10.8,-16.2,-5.6,5.3,0.0001,9.174302942212284e-05,BELOW the floor,False,0.264,0.0
llama2_7b,k8,openbookqa,False,non_mmlu,500,content_norm,longest_credit,0.252,0.536,-28.4,-33.8,-23.2,5.3,0.0001,1.3156078366926022e-22,BELOW the floor,False,0.264,0.0
llama2_7b,k8,openbookqa,False,non_mmlu,500,content_norm,longest_wrong,0.252,0.278,-2.6,-7.8,2.6,5.2,0.324,0.3671138447980614,AT the floor (n.s.),False,0.264,0.0
llama2_7b,k8,commonsense_qa,False,non_mmlu,1221,letter,best_constant_B,0.203931,0.208845,-0.4914,-2.6208,1.5561,2.0885,0.6316999999999999,0.6997974882613508,AT the floor (n.s.),False,0.638821,0.003276
llama2_7b,k8,commonsense_qa,False,non_mmlu,1221,content_raw,longest_split,0.182637,0.205747,-2.3109,-5.4805,0.92,3.2003,0.1576,,AT the floor (n.s.),False,0.233415,0.003276
llama2_7b,k8,commonsense_qa,False,non_mmlu,1221,content_raw,longest_first,0.182637,0.213759,-3.1122,-6.6339,0.3276,3.4808,0.0803,0.08980073707271416,AT the floor (n.s.),False,0.233415,0.003276
llama2_7b,k8,commonsense_qa,False,non_mmlu,1221,content_raw,longest_last,0.182637,0.198198,-1.5561,-4.9959,1.8837,3.4398,0.3725,0.4018633147159366,AT the floor (n.s.),False,0.233415,0.003276
llama2_7b,k8,commonsense_qa,False,non_mmlu,1221,content_raw,longest_credit,0.182637,0.364455,-18.1818,-22.113,-14.1687,3.9722,0.0001,1.408191216793445e-18,BELOW the floor,False,0.233415,0.003276
llama2_7b,k8,commonsense_qa,False,non_mmlu,1221,content_raw,longest_wrong,0.182637,0.116298,6.6339,3.6835,9.5823,2.9494,0.0001,2.6284290740519345e-05,above the floor,False,0.233415,0.003276
llama2_7b,k8,commonsense_qa,False,non_mmlu,1221,content_norm,longest_split,0.230958,0.205747,2.5212,-0.0861,5.1584,2.6222,0.059,,AT the floor (n.s.),False,0.211302,0.004095
llama2_7b,k8,commonsense_qa,False,non_mmlu,1221,content_norm,longest_first,0.230958,0.213759,1.7199,-1.1466,4.5864,2.8665,0.2553,0.2744954552371847,AT the floor (n.s.),False,0.211302,0.004095
llama2_7b,k8,commonsense_qa,False,non_mmlu,1221,content_norm,longest_last,0.230958,0.198198,3.276,0.3276,6.2244,2.9484,0.0269,0.033740588426436985,above the floor,False,0.211302,0.004095
llama2_7b,k8,commonsense_qa,False,non_mmlu,1221,content_norm,longest_credit,0.230958,0.364455,-13.3497,-16.6257,-10.1556,3.2351,0.0001,1.0845081297753291e-15,BELOW the floor,False,0.211302,0.004095
llama2_7b,k8,commonsense_qa,False,non_mmlu,1221,content_norm,longest_wrong,0.230958,0.116298,11.466,8.8452,14.0868,2.6208,0.0001,1.743335982197613e-16,above the floor,False,0.211302,0.004095
llama2_7b,k8,piqa,False,non_mmlu,1838,letter,best_constant_B,0.498368,0.504897,-0.6529,-4.0805,2.8292,3.4548,0.7039,0.7350030696356576,AT the floor (n.s.),False,0.574538,0.002176
llama2_7b,k8,piqa,False,non_mmlu,1838,content_raw,longest_split,0.551687,0.473613,7.8074,3.7813,11.7519,3.9853,0.0002,,above the floor,False,0.520131,0.0
llama2_7b,k8,piqa,False,non_mmlu,1838,content_raw,longest_first,0.551687,0.479325,7.2361,2.9924,11.4255,4.2165,0.001,0.0007669386439964479,above the floor,False,0.520131,0.0
llama2_7b,k8,piqa,False,non_mmlu,1838,content_raw,longest_last,0.551687,0.4679,8.3787,4.1893,12.5136,4.1621,0.0002,7.696454028319795e-05,above the floor,False,0.520131,0.0
llama2_7b,k8,piqa,False,non_mmlu,1838,content_raw,longest_credit,0.551687,0.624048,-7.2361,-11.3711,-3.1556,4.1077,0.0004,0.0005836667904070696,BELOW the floor,False,0.520131,0.0
llama2_7b,k8,piqa,False,non_mmlu,1838,content_raw,longest_wrong,0.551687,0.323177,22.8509,18.716,26.9314,4.1077,0.0001,1.6996776224658056e-26,above the floor,False,0.520131,0.0
llama2_7b,k8,piqa,False,non_mmlu,1838,content_norm,longest_split,0.53482,0.473613,6.1208,3.1828,9.0588,2.938,0.0002,,above the floor,False,0.510881,0.0
llama2_7b,k8,piqa,False,non_mmlu,1838,content_norm,longest_first,0.53482,0.479325,5.5495,2.2851,8.7595,3.2372,0.0013,0.0007831545702064293,above the floor,False,0.510881,0.0
llama2_7b,k8,piqa,False,non_mmlu,1838,content_norm,longest_last,0.53482,0.4679,6.6921,3.5365,9.8477,3.1556,0.0002,3.2578847936606914e-05,above the floor,False,0.510881,0.0
llama2_7b,k8,piqa,False,non_mmlu,1838,content_norm,longest_credit,0.53482,0.624048,-8.9227,-12.0239,-5.7671,3.1284,0.0001,1.68711468924198e-08,BELOW the floor,False,0.510881,0.0
llama2_7b,k8,piqa,False,non_mmlu,1838,content_norm,longest_wrong,0.53482,0.323177,21.1643,18.0631,24.2655,3.1012,0.0001,3.8692295760346e-38,above the floor,False,0.510881,0.0
llama2_7b,k8,winogrande,True,non_mmlu,1267,letter,best_constant_B,0.501184,0.504341,-0.3157,-1.3418,0.7103,1.026,0.5364,0.6515878272089145,AT the floor (n.s.),True,0.965272,0.0
llama2_7b,k8,winogrande,True,non_mmlu,1267,content_raw,longest_split,0.501184,0.502368,-0.1184,-4.3015,4.262,4.2818,0.9533999999999999,,AT the floor (n.s.),False,0.501184,0.0
llama2_7b,k8,winogrande,True,non_mmlu,1267,content_raw,longest_first,0.501184,0.496448,0.4736,-3.9483,5.2092,4.5787,0.83,0.8686522846956555,AT the floor (n.s.),False,0.501184,0.0
llama2_7b,k8,winogrande,True,non_mmlu,1267,content_raw,longest_last,0.501184,0.508287,-0.7103,-5.367,4.1831,4.7751,0.7726,0.7946951654332562,AT the floor (n.s.),False,0.501184,0.0
llama2_7b,k8,winogrande,True,non_mmlu,1267,content_raw,longest_credit,0.501184,0.744278,-24.3094,-28.6504,-19.7316,4.4594,0.0001,2.3379969231831336e-24,BELOW the floor,False,0.501184,0.0
llama2_7b,k8,winogrande,True,non_mmlu,1267,content_raw,longest_wrong,0.501184,0.260458,24.0726,19.6527,28.7293,4.5383,0.0001,9.843191149716889e-24,above the floor,False,0.501184,0.0
llama2_7b,k8,winogrande,True,non_mmlu,1267,content_norm,longest_split,0.498027,0.502368,-0.4341,-3.0387,2.2099,2.6243,0.7699,,AT the floor (n.s.),False,0.520916,0.0
llama2_7b,k8,winogrande,True,non_mmlu,1267,content_norm,longest_first,0.498027,0.496448,0.1579,-2.9992,3.4728,3.236,0.9084,0.9616339701389931,AT the floor (n.s.),False,0.520916,0.0
llama2_7b,k8,winogrande,True,non_mmlu,1267,content_norm,longest_last,0.498027,0.508287,-1.026,-4.341,2.2889,3.3149,0.5478000000000001,0.5771053850718727,AT the floor (n.s.),False,0.520916,0.0
llama2_7b,k8,winogrande,True,non_mmlu,1267,content_norm,longest_credit,0.498027,0.744278,-24.6251,-27.5454,-21.7048,2.9203,0.0001,3.222756323487432e-54,BELOW the floor,False,0.520916,0.0
llama2_7b,k8,winogrande,True,non_mmlu,1267,content_norm,longest_wrong,0.498027,0.260458,23.7569,20.7577,26.835,3.0387,0.0001,2.938903746520047e-49,above the floor,False,0.520916,0.0
llama3_8b,base,arc_challenge,False,non_mmlu,1172,letter,best_constant_B,0.778157,0.265358,51.2799,47.8669,54.7782,3.4556,0.0001,1.467824978519103e-124,above the floor,False,0.276451,0.020478
llama3_8b,base,arc_challenge,False,non_mmlu,1172,content_raw,longest_split,0.503413,0.283902,21.9511,18.2679,25.6201,3.6761,0.0001,,above the floor,False,0.312287,0.000853
llama3_8b,base,arc_challenge,False,non_mmlu,1172,content_raw,longest_first,0.503413,0.265358,23.8055,19.7952,27.8157,4.0102,0.0001,1.7199469353573667e-28,above the floor,False,0.312287,0.000853
llama3_8b,base,arc_challenge,False,non_mmlu,1172,content_raw,longest_last,0.503413,0.296075,20.7338,16.6382,24.8315,4.0966,0.0001,2.6154465213183563e-21,above the floor,False,0.312287,0.000853
llama3_8b,base,arc_challenge,False,non_mmlu,1172,content_raw,longest_credit,0.503413,0.543515,-4.0102,-8.1058,0.0853,4.0956,0.053200000000000004,0.06438581226063758,AT the floor (n.s.),False,0.312287,0.000853
llama3_8b,base,arc_challenge,False,non_mmlu,1172,content_raw,longest_wrong,0.503413,0.142491,36.0922,32.3379,39.8464,3.7543,0.0001,8.109002088772454e-66,above the floor,False,0.312287,0.000853
llama3_8b,base,arc_challenge,False,non_mmlu,1172,content_norm,longest_split,0.53413,0.283902,25.0228,21.9254,28.0873,3.081,0.0001,,above the floor,False,0.258532,0.000853
llama3_8b,base,arc_challenge,False,non_mmlu,1172,content_norm,longest_first,0.53413,0.265358,26.8771,23.3788,30.2901,3.4556,0.0001,2.749026055987572e-48,above the floor,False,0.258532,0.000853
llama3_8b,base,arc_challenge,False,non_mmlu,1172,content_norm,longest_last,0.53413,0.296075,23.8055,20.2218,27.4744,3.6263,0.0001,1.4374657056500517e-35,above the floor,False,0.258532,0.000853
llama3_8b,base,arc_challenge,False,non_mmlu,1172,content_norm,longest_credit,0.53413,0.543515,-0.9386,-4.3515,2.3891,3.3703,0.5933,0.6243976048733637,AT the floor (n.s.),False,0.258532,0.000853
llama3_8b,base,arc_challenge,False,non_mmlu,1172,content_norm,longest_wrong,0.53413,0.142491,39.1638,35.9215,42.4915,3.285,0.0001,9.470088454303426e-97,above the floor,False,0.258532,0.000853
llama3_8b,base,arc_easy,False,non_mmlu,2376,letter,best_constant_C,0.912037,0.266414,64.5623,62.4579,66.6667,2.1044,0.0001,0.0,above the floor,False,0.264731,0.007997
llama3_8b,base,arc_easy,False,non_mmlu,2376,content_raw,longest_split,0.800926,0.238089,56.2837,54.0354,58.546,2.2553,0.0001,,above the floor,False,0.295875,0.000842
llama3_8b,base,arc_easy,False,non_mmlu,2376,content_raw,longest_first,0.800926,0.238636,56.229,53.7037,58.7542,2.5253,0.0001,4.72449319595035e-267,above the floor,False,0.295875,0.000842
llama3_8b,base,arc_easy,False,non_mmlu,2376,content_raw,longest_last,0.800926,0.235269,56.5657,54.0404,59.0909,2.5253,0.0001,1.1876403155626252e-268,above the floor,False,0.295875,0.000842
llama3_8b,base,arc_easy,False,non_mmlu,2376,content_raw,longest_credit,0.800926,0.507155,29.3771,26.7256,32.1128,2.6936,0.0001,1.7288382817098246e-89,above the floor,False,0.295875,0.000842
llama3_8b,base,arc_easy,False,non_mmlu,2376,content_raw,longest_wrong,0.800926,0.106481,69.4444,67.1717,71.633,2.2306,0.0001,0.0,above the floor,False,0.295875,0.000842
llama3_8b,base,arc_easy,False,non_mmlu,2376,content_norm,longest_split,0.768098,0.238089,53.0008,51.1139,54.9369,1.9115,0.0001,,above the floor,False,0.262205,0.000842
llama3_8b,base,arc_easy,False,non_mmlu,2376,content_norm,longest_first,0.768098,0.238636,52.9461,50.7576,55.1778,2.2101,0.0001,2.6474399758470218e-306,above the floor,False,0.262205,0.000842
llama3_8b,base,arc_easy,False,non_mmlu,2376,content_norm,longest_last,0.768098,0.235269,53.2828,51.0943,55.4714,2.1886,0.0001,5.446185339836831e-302,above the floor,False,0.262205,0.000842
llama3_8b,base,arc_easy,False,non_mmlu,2376,content_norm,longest_credit,0.768098,0.507155,26.0943,23.8215,28.4091,2.2938,0.0001,9.198123570252545e-100,above the floor,False,0.262205,0.000842
llama3_8b,base,arc_easy,False,non_mmlu,2376,content_norm,longest_wrong,0.768098,0.106481,66.1616,64.1414,68.1818,2.0202,0.0001,0.0,above the floor,False,0.262205,0.000842
llama3_8b,base,openbookqa,False,non_mmlu,500,letter,best_constant_A,0.746,0.276,47.0,41.4,52.6,5.6,0.0001,2.2917327889760285e-45,above the floor,False,0.27,0.016
llama3_8b,base,openbookqa,False,non_mmlu,500,content_raw,longest_split,0.34,0.367,-2.7,-8.5337,3.1333,5.8335,0.3636,,AT the floor (n.s.),False,0.266,0.0
llama3_8b,base,openbookqa,False,non_mmlu,500,content_raw,longest_first,0.34,0.382,-4.2,-10.6,2.2,6.4,0.19879999999999998,0.2226149892593853,AT the floor (n.s.),False,0.266,0.0
llama3_8b,base,openbookqa,False,non_mmlu,500,content_raw,longest_last,0.34,0.36,-2.0,-8.2,4.6,6.4,0.5438000000000001,0.5839643181908716,AT the floor (n.s.),False,0.266,0.0
llama3_8b,base,openbookqa,False,non_mmlu,500,content_raw,longest_credit,0.34,0.642,-30.2,-36.2,-24.2,6.0,0.0001,5.843928583249358e-20,BELOW the floor,False,0.266,0.0
llama3_8b,base,openbookqa,False,non_mmlu,500,content_raw,longest_wrong,0.34,0.228,11.2,5.0,17.4,6.2,0.0008,0.00048012753673755756,above the floor,False,0.266,0.0
llama3_8b,base,openbookqa,False,non_mmlu,500,content_norm,longest_split,0.462,0.367,9.5,5.0663,13.8167,4.3752,0.0001,,above the floor,False,0.276,0.0
llama3_8b,base,openbookqa,False,non_mmlu,500,content_norm,longest_first,0.462,0.382,8.0,2.6,13.0,5.2,0.0031,0.0033497141805530835,above the floor,False,0.276,0.0
llama3_8b,base,openbookqa,False,non_mmlu,500,content_norm,longest_last,0.462,0.36,10.2,5.2,15.2,5.0,0.0001,0.000118218324873702,above the floor,False,0.276,0.0
llama3_8b,base,openbookqa,False,non_mmlu,500,content_norm,longest_credit,0.462,0.642,-18.0,-22.8,-13.4,4.7,0.0001,1.4011333990267915e-13,BELOW the floor,False,0.276,0.0
llama3_8b,base,openbookqa,False,non_mmlu,500,content_norm,longest_wrong,0.462,0.228,23.4,18.4,28.2,4.9,0.0001,5.081829175777932e-19,above the floor,False,0.276,0.0
llama3_8b,base,commonsense_qa,False,non_mmlu,1221,letter,best_constant_B,0.695332,0.208845,48.6486,45.2907,52.0066,3.3579,0.0001,2.7369497516689084e-122,above the floor,False,0.212121,0.013923
llama3_8b,base,commonsense_qa,False,non_mmlu,1221,content_raw,longest_split,0.630631,0.201843,42.8788,39.3543,46.335,3.4904,0.0001,,above the floor,False,0.206388,0.004914
llama3_8b,base,commonsense_qa,False,non_mmlu,1221,content_raw,longest_first,0.630631,0.208845,42.1785,38.3292,45.9459,3.8084,0.0001,4.341651246982566e-81,above the floor,False,0.206388,0.004914
llama3_8b,base,commonsense_qa,False,non_mmlu,1221,content_raw,longest_last,0.630631,0.20475,42.588,38.8206,46.4373,3.8084,0.0001,1.9982507279538082e-82,above the floor,False,0.206388,0.004914
llama3_8b,base,commonsense_qa,False,non_mmlu,1221,content_raw,longest_credit,0.630631,0.434889,19.5741,15.3972,23.8329,4.2179,0.0001,1.1421750427126455e-18,above the floor,False,0.206388,0.004914
llama3_8b,base,commonsense_qa,False,non_mmlu,1221,content_raw,longest_wrong,0.630631,0.092547,53.8084,50.3686,57.1663,3.3989,0.0001,1.2544211812208316e-139,above the floor,False,0.206388,0.004914
llama3_8b,base,commonsense_qa,False,non_mmlu,1221,content_norm,longest_split,0.586405,0.201843,38.4562,35.8135,41.148,2.6673,0.0001,,above the floor,False,0.214578,0.005733
llama3_8b,base,commonsense_qa,False,non_mmlu,1221,content_norm,longest_first,0.586405,0.208845,37.7559,34.7256,40.7862,3.0303,0.0001,1.597649950006309e-108,above the floor,False,0.214578,0.005733
llama3_8b,base,commonsense_qa,False,non_mmlu,1221,content_norm,longest_last,0.586405,0.20475,38.1654,35.1351,41.3595,3.1122,0.0001,2.9657911270445284e-103,above the floor,False,0.214578,0.005733
llama3_8b,base,commonsense_qa,False,non_mmlu,1221,content_norm,longest_credit,0.586405,0.434889,15.1515,12.1212,18.1818,3.0303,0.0001,1.0644128512050854e-21,above the floor,False,0.214578,0.005733
llama3_8b,base,commonsense_qa,False,non_mmlu,1221,content_norm,longest_wrong,0.586405,0.092547,49.3857,46.5192,52.3342,2.9075,0.0001,2.428010105812172e-170,above the floor,False,0.214578,0.005733
llama3_8b,base,piqa,False,non_mmlu,1838,letter,best_constant_B,0.779108,0.504897,27.4211,24.2655,30.6311,3.1828,0.0001,7.822471417220257e-58,above the floor,False,0.559304,0.051143
llama3_8b,base,piqa,False,non_mmlu,1838,content_raw,longest_split,0.796518,0.465724,33.0794,30.0598,36.0174,2.9788,0.0001,,above the floor,False,0.505985,0.0
llama3_8b,base,piqa,False,non_mmlu,1838,content_raw,longest_first,0.796518,0.47062,32.5898,29.2165,35.7998,3.2916,0.0001,3.11798200927151e-73,above the floor,False,0.505985,0.0
llama3_8b,base,piqa,False,non_mmlu,1838,content_raw,longest_last,0.796518,0.460827,33.5691,30.2503,36.8335,3.2916,0.0001,2.0792646191994126e-77,above the floor,False,0.505985,0.0
llama3_8b,base,piqa,False,non_mmlu,1838,content_raw,longest_credit,0.796518,0.678455,11.8063,8.7051,14.9075,3.1012,0.0001,1.7691897231728571e-13,above the floor,False,0.505985,0.0
llama3_8b,base,piqa,False,non_mmlu,1838,content_raw,longest_wrong,0.796518,0.252992,54.3526,51.0881,57.5082,3.21,0.0001,6.296519516363516e-169,above the floor,False,0.505985,0.0
llama3_8b,base,piqa,False,non_mmlu,1838,content_norm,longest_split,0.803591,0.465724,33.7867,31.42,36.099,2.3395,0.0001,,above the floor,False,0.513058,0.0
llama3_8b,base,piqa,False,non_mmlu,1838,content_norm,longest_first,0.803591,0.47062,33.2971,30.4679,36.0718,2.802,0.0001,3.24614541017757e-102,above the floor,False,0.513058,0.0
llama3_8b,base,piqa,False,non_mmlu,1838,content_norm,longest_last,0.803591,0.460827,34.2764,31.4472,37.0511,2.802,0.0001,4.614572119015468e-108,above the floor,False,0.513058,0.0
llama3_8b,base,piqa,False,non_mmlu,1838,content_norm,longest_credit,0.803591,0.678455,12.5136,9.9021,15.0707,2.5843,0.0001,7.300117692106797e-21,above the floor,False,0.513058,0.0
llama3_8b,base,piqa,False,non_mmlu,1838,content_norm,longest_wrong,0.803591,0.252992,55.0598,52.3395,57.6714,2.6659,0.0001,3.7857413502287157e-227,above the floor,False,0.513058,0.0
llama3_8b,base,winogrande,True,non_mmlu,1267,letter,best_constant_B,0.531965,0.504341,2.7624,-1.7364,7.1823,4.4594,0.2311,0.23932983715368988,AT the floor (n.s.),False,0.659037,0.09629
llama3_8b,base,winogrande,True,non_mmlu,1267,content_raw,longest_split,0.550118,0.501184,4.8934,1.9732,7.8137,2.9203,0.0013,,above the floor,False,0.56985,0.020521
llama3_8b,base,winogrande,True,non_mmlu,1267,content_raw,longest_first,0.550118,0.494081,5.6038,1.9732,9.3133,3.6701,0.0024999999999999996,0.003195547813775634,above the floor,False,0.56985,0.020521
llama3_8b,base,winogrande,True,non_mmlu,1267,content_raw,longest_last,0.550118,0.508287,4.1831,0.0789,8.2873,4.1042,0.047,0.049776472959075384,above the floor,False,0.56985,0.020521
llama3_8b,base,winogrande,True,non_mmlu,1267,content_raw,longest_credit,0.550118,0.933702,-38.3583,-41.4365,-35.2802,3.0781,0.0001,2.578516057151728e-104,BELOW the floor,False,0.56985,0.020521
llama3_8b,base,winogrande,True,non_mmlu,1267,content_raw,longest_wrong,0.550118,0.068666,48.1452,45.0671,51.2234,3.0781,0.0001,5.6201210188399994e-145,above the floor,False,0.56985,0.020521
llama3_8b,base,winogrande,True,non_mmlu,1267,content_norm,longest_split,0.545383,0.501184,4.4199,1.7758,7.0639,2.644,0.0004,,above the floor,False,0.5588,0.020521
llama3_8b,base,winogrande,True,non_mmlu,1267,content_norm,longest_first,0.545383,0.494081,5.1302,1.7364,8.603,3.4333,0.003,0.003829192830916749,above the floor,False,0.5588,0.020521
llama3_8b,base,winogrande,True,non_mmlu,1267,content_norm,longest_last,0.545383,0.508287,3.7096,-0.2368,7.5789,3.9079,0.063,0.06654788594944364,AT the floor (n.s.),False,0.5588,0.020521
llama3_8b,base,winogrande,True,non_mmlu,1267,content_norm,longest_credit,0.545383,0.933702,-38.8319,-41.6732,-36.0695,2.8019,0.0001,3.640101282234303e-135,BELOW the floor,False,0.5588,0.020521
llama3_8b,base,winogrande,True,non_mmlu,1267,content_norm,longest_wrong,0.545383,0.068666,47.6717,44.8303,50.513,2.8414,0.0001,1.7806425313026808e-176,above the floor,False,0.5588,0.020521
llama3_8b,k14,arc_challenge,False,non_mmlu,1172,letter,best_constant_B,0.262799,0.265358,-0.256,-2.7304,2.3038,2.5171,0.8553,0.8944334241385676,AT the floor (n.s.),False,0.596416,0.001706
llama3_8b,k14,arc_challenge,False,non_mmlu,1172,content_raw,longest_split,0.238055,0.283902,-4.5848,-8.2595,-0.9157,3.6719,0.0158,,BELOW the floor,False,0.383959,0.000853
llama3_8b,k14,arc_challenge,False,non_mmlu,1172,content_raw,longest_first,0.238055,0.265358,-2.7304,-6.6553,1.1945,3.9249,0.1634,0.18776855409841153,AT the floor (n.s.),False,0.383959,0.000853
llama3_8b,k14,arc_challenge,False,non_mmlu,1172,content_raw,longest_last,0.238055,0.296075,-5.802,-9.8976,-1.7065,4.0956,0.0060999999999999995,0.0061005211271901874,BELOW the floor,False,0.383959,0.000853
llama3_8b,k14,arc_challenge,False,non_mmlu,1172,content_raw,longest_credit,0.238055,0.543515,-30.5461,-34.8997,-26.2799,4.3099,0.0001,4.4181355826725333e-39,BELOW the floor,False,0.383959,0.000853
llama3_8b,k14,arc_challenge,False,non_mmlu,1172,content_raw,longest_wrong,0.238055,0.142491,9.5563,6.058,13.0546,3.4983,0.0001,1.2725590576384186e-07,above the floor,False,0.383959,0.000853
llama3_8b,k14,arc_challenge,False,non_mmlu,1172,content_norm,longest_split,0.288396,0.283902,0.4494,-2.6337,3.5524,3.0931,0.7804,,AT the floor (n.s.),False,0.257679,0.000853
llama3_8b,k14,arc_challenge,False,non_mmlu,1172,content_norm,longest_first,0.288396,0.265358,2.3038,-1.1092,5.802,3.4556,0.1979,0.20932208517568077,AT the floor (n.s.),False,0.257679,0.000853
llama3_8b,k14,arc_challenge,False,non_mmlu,1172,content_norm,longest_last,0.288396,0.296075,-0.7679,-4.3515,2.901,3.6263,0.6581,0.7088883640626031,AT the floor (n.s.),False,0.257679,0.000853
llama3_8b,k14,arc_challenge,False,non_mmlu,1172,content_norm,longest_credit,0.288396,0.543515,-25.5119,-29.2662,-21.7577,3.7543,0.0001,2.0065475082773625e-37,BELOW the floor,False,0.257679,0.000853
llama3_8b,k14,arc_challenge,False,non_mmlu,1172,content_norm,longest_wrong,0.288396,0.142491,14.5904,11.5188,17.8328,3.157,0.0001,3.094791756150302e-19,above the floor,False,0.257679,0.000853
llama3_8b,k14,arc_easy,False,non_mmlu,2376,letter,best_constant_C,0.267256,0.266414,0.0842,-2.4832,2.6936,2.5884,0.962,0.9745190137067399,AT the floor (n.s.),False,0.765993,0.000842
llama3_8b,k14,arc_easy,False,non_mmlu,2376,content_raw,longest_split,0.262205,0.238089,2.4116,-0.1504,4.9776,2.564,0.064,,AT the floor (n.s.),False,0.356902,0.0
llama3_8b,k14,arc_easy,False,non_mmlu,2376,content_raw,longest_first,0.262205,0.238636,2.3569,-0.4209,5.1347,2.7778,0.0921,0.09538326464529127,AT the floor (n.s.),False,0.356902,0.0
llama3_8b,k14,arc_easy,False,non_mmlu,2376,content_raw,longest_last,0.262205,0.235269,2.6936,-0.0842,5.5135,2.7988,0.0581,0.05949378995086508,AT the floor (n.s.),False,0.356902,0.0
llama3_8b,k14,arc_easy,False,non_mmlu,2376,content_raw,longest_credit,0.262205,0.507155,-24.4949,-27.6515,-21.3805,3.1355,0.0001,7.346756941004583e-51,BELOW the floor,False,0.356902,0.0
llama3_8b,k14,arc_easy,False,non_mmlu,2376,content_raw,longest_wrong,0.262205,0.106481,15.5724,13.1734,18.0135,2.42,0.0001,7.74777398809888e-37,above the floor,False,0.356902,0.0
llama3_8b,k14,arc_easy,False,non_mmlu,2376,content_norm,longest_split,0.26431,0.238089,2.6221,0.4664,4.7531,2.1434,0.0164,,above the floor,False,0.264731,0.0
llama3_8b,k14,arc_easy,False,non_mmlu,2376,content_norm,longest_first,0.26431,0.238636,2.5673,0.1263,4.9663,2.42,0.0393,0.03619455249027314,above the floor,False,0.264731,0.0
llama3_8b,k14,arc_easy,False,non_mmlu,2376,content_norm,longest_last,0.26431,0.235269,2.904,0.4209,5.303,2.4411,0.0213,0.02072047949054239,above the floor,False,0.264731,0.0
llama3_8b,k14,arc_easy,False,non_mmlu,2376,content_norm,longest_credit,0.26431,0.507155,-24.2845,-26.936,-21.7172,2.6094,0.0001,4.1481031322411486e-69,BELOW the floor,False,0.264731,0.0
llama3_8b,k14,arc_easy,False,non_mmlu,2376,content_norm,longest_wrong,0.26431,0.106481,15.7828,13.5943,17.9293,2.1675,0.0001,8.075163427615731e-46,above the floor,False,0.264731,0.0
llama3_8b,k14,openbookqa,False,non_mmlu,500,letter,best_constant_A,0.264,0.276,-1.2,-7.6,5.2,6.4,0.7279,0.7601095068930676,AT the floor (n.s.),False,0.892,0.002
llama3_8b,k14,openbookqa,False,non_mmlu,500,content_raw,longest_split,0.172,0.367,-19.5,-24.9,-14.1329,5.3835,0.0001,,BELOW the floor,False,0.266,0.0
llama3_8b,k14,openbookqa,False,non_mmlu,500,content_raw,longest_first,0.172,0.382,-21.0,-27.0,-15.0,6.0,0.0001,4.725159484078814e-11,BELOW the floor,False,0.266,0.0
llama3_8b,k14,openbookqa,False,non_mmlu,500,content_raw,longest_last,0.172,0.36,-18.8,-24.6,-12.8,5.9,0.0001,2.661027944831657e-09,BELOW the floor,False,0.266,0.0
llama3_8b,k14,openbookqa,False,non_mmlu,500,content_raw,longest_credit,0.172,0.642,-47.0,-52.8,-41.0,5.9,0.0001,1.6204773705610057e-40,BELOW the floor,False,0.266,0.0
llama3_8b,k14,openbookqa,False,non_mmlu,500,content_raw,longest_wrong,0.172,0.228,-5.6,-11.2,-0.195,5.5025,0.0468,0.05596574049426187,BELOW the floor,False,0.266,0.0
llama3_8b,k14,openbookqa,False,non_mmlu,500,content_norm,longest_split,0.274,0.367,-9.3,-14.1333,-4.4333,4.85,0.0002,,BELOW the floor,False,0.278,0.0
llama3_8b,k14,openbookqa,False,non_mmlu,500,content_norm,longest_first,0.274,0.382,-10.8,-16.4,-5.2,5.6,0.0001,0.00022097574550209698,BELOW the floor,False,0.278,0.0
llama3_8b,k14,openbookqa,False,non_mmlu,500,content_norm,longest_last,0.274,0.36,-8.6,-14.0,-3.0,5.5,0.0015,0.0028148647348418287,BELOW the floor,False,0.278,0.0
llama3_8b,k14,openbookqa,False,non_mmlu,500,content_norm,longest_credit,0.274,0.642,-36.8,-42.2,-31.2,5.5,0.0001,3.263223720406595e-32,BELOW the floor,False,0.278,0.0
llama3_8b,k14,openbookqa,False,non_mmlu,500,content_norm,longest_wrong,0.274,0.228,4.6,-0.4,9.8,5.1,0.0789,0.09220360536584714,AT the floor (n.s.),False,0.278,0.0
llama3_8b,k14,commonsense_qa,False,non_mmlu,1221,letter,best_constant_B,0.213759,0.208845,0.4914,-0.5733,1.5561,1.0647,0.38029999999999997,0.46139118213676944,AT the floor (n.s.),True,0.907453,0.002457
llama3_8b,k14,commonsense_qa,False,non_mmlu,1221,content_raw,longest_split,0.190827,0.201843,-1.1016,-4.2247,1.9781,3.1014,0.4901,,AT the floor (n.s.),False,0.211302,0.004095
llama3_8b,k14,commonsense_qa,False,non_mmlu,1221,content_raw,longest_first,0.190827,0.208845,-1.8018,-5.3235,1.7199,3.5217,0.3207,0.33881500709209494,AT the floor (n.s.),False,0.211302,0.004095
llama3_8b,k14,commonsense_qa,False,non_mmlu,1221,content_raw,longest_last,0.190827,0.20475,-1.3923,-4.8321,2.0475,3.4398,0.438,0.4571652187797347,AT the floor (n.s.),False,0.211302,0.004095
llama3_8b,k14,commonsense_qa,False,non_mmlu,1221,content_raw,longest_credit,0.190827,0.434889,-24.4062,-28.4193,-20.3931,4.0131,0.0001,1.4377160520222713e-30,BELOW the floor,False,0.211302,0.004095
llama3_8b,k14,commonsense_qa,False,non_mmlu,1221,content_raw,longest_wrong,0.190827,0.092547,9.828,6.8796,12.7764,2.9484,0.0001,1.0346667937448354e-10,above the floor,False,0.211302,0.004095
llama3_8b,k14,commonsense_qa,False,non_mmlu,1221,content_norm,longest_split,0.218673,0.201843,1.683,-0.9679,4.312,2.6399,0.1944,,AT the floor (n.s.),False,0.222768,0.004095
llama3_8b,k14,commonsense_qa,False,non_mmlu,1221,content_norm,longest_first,0.218673,0.208845,0.9828,-2.0475,4.095,3.0713,0.5245,0.55995510830472,AT the floor (n.s.),False,0.222768,0.004095
llama3_8b,k14,commonsense_qa,False,non_mmlu,1221,content_norm,longest_last,0.218673,0.20475,1.3923,-1.638,4.4226,3.0303,0.3665,0.39447054777970963,AT the floor (n.s.),False,0.222768,0.004095
llama3_8b,k14,commonsense_qa,False,non_mmlu,1221,content_norm,longest_credit,0.218673,0.434889,-21.6216,-24.8976,-18.3456,3.276,0.0001,1.8306416135001727e-35,BELOW the floor,False,0.222768,0.004095
llama3_8b,k14,commonsense_qa,False,non_mmlu,1221,content_norm,longest_wrong,0.218673,0.092547,12.6126,9.9918,15.3153,2.6618,0.0001,5.984244192075114e-20,above the floor,False,0.222768,0.004095
llama3_8b,k14,piqa,False,non_mmlu,1838,letter,best_constant_B,0.494015,0.504897,-1.0881,-2.4483,0.272,1.3602,0.1153,0.1376616501974675,AT the floor (n.s.),True,0.910773,0.000544
llama3_8b,k14,piqa,False,non_mmlu,1838,content_raw,longest_split,0.570729,0.465724,10.5005,6.7465,14.1458,3.6997,0.0001,,above the floor,False,0.510881,0.0
llama3_8b,k14,piqa,False,non_mmlu,1838,content_raw,longest_first,0.570729,0.47062,10.0109,5.9848,13.9282,3.9717,0.0001,1.1777094457876106e-06,above the floor,False,0.510881,0.0
llama3_8b,k14,piqa,False,non_mmlu,1838,content_raw,longest_last,0.570729,0.460827,10.9902,6.9627,15.0163,4.0268,0.0001,7.571188928848474e-08,above the floor,False,0.510881,0.0
llama3_8b,k14,piqa,False,non_mmlu,1838,content_raw,longest_credit,0.570729,0.678455,-10.7726,-14.6899,-6.8553,3.9173,0.0001,7.833780999402716e-08,BELOW the floor,False,0.510881,0.0
llama3_8b,k14,piqa,False,non_mmlu,1838,content_raw,longest_wrong,0.570729,0.252992,31.7737,27.855,35.5822,3.8636,0.0001,1.7866641238676243e-53,above the floor,False,0.510881,0.0
llama3_8b,k14,piqa,False,non_mmlu,1838,content_norm,longest_split,0.556583,0.465724,9.086,6.2024,11.9151,2.8564,0.0001,,above the floor,False,0.505441,0.0
llama3_8b,k14,piqa,False,non_mmlu,1838,content_norm,longest_first,0.556583,0.47062,8.5963,5.2775,11.8607,3.2916,0.0001,2.6194125674714244e-07,above the floor,False,0.505441,0.0
llama3_8b,k14,piqa,False,non_mmlu,1838,content_norm,longest_last,0.556583,0.460827,9.5756,6.3112,12.7856,3.2372,0.0001,6.403165775238317e-09,above the floor,False,0.505441,0.0
llama3_8b,k14,piqa,False,non_mmlu,1838,content_norm,longest_credit,0.556583,0.678455,-12.1872,-15.3428,-9.1404,3.1012,0.0001,2.2049171348232507e-14,BELOW the floor,False,0.505441,0.0
llama3_8b,k14,piqa,False,non_mmlu,1838,content_norm,longest_wrong,0.556583,0.252992,30.3591,27.2579,33.4072,3.0747,0.0001,1.3428702323711346e-74,above the floor,False,0.505441,0.0
llama3_8b,k14,winogrande,True,non_mmlu,1267,letter,best_constant_B,0.504341,0.504341,0.0,0.0,0.0,0.0,1.0,1.0,AT the floor (n.s.),True,1.0,0.0
llama3_8b,k14,winogrande,True,non_mmlu,1267,content_raw,longest_split,0.497238,0.501184,-0.3946,-3.6306,2.9203,3.2755,0.823,,AT the floor (n.s.),False,0.509077,0.001579
llama3_8b,k14,winogrande,True,non_mmlu,1267,content_raw,longest_first,0.497238,0.494081,0.3157,-3.7096,4.4988,4.1042,0.8753000000000001,0.9097324747920074,AT the floor (n.s.),False,0.509077,0.001579
llama3_8b,k14,winogrande,True,non_mmlu,1267,content_raw,longest_last,0.497238,0.508287,-1.105,-5.367,3.1571,4.262,0.6166,0.6322980426176066,AT the floor (n.s.),False,0.509077,0.001579
llama3_8b,k14,winogrande,True,non_mmlu,1267,content_raw,longest_credit,0.497238,0.933702,-43.6464,-47.0403,-40.1736,3.4333,0.0001,4.784744508323904e-106,BELOW the floor,False,0.509077,0.001579
llama3_8b,k14,winogrande,True,non_mmlu,1267,content_raw,longest_wrong,0.497238,0.068666,42.8571,39.4633,46.3319,3.4343,0.0001,1.8626856591124465e-102,above the floor,False,0.509077,0.001579
llama3_8b,k14,winogrande,True,non_mmlu,1267,content_norm,longest_split,0.506709,0.501184,0.5525,-2.2099,3.3938,2.8019,0.7036,,AT the floor (n.s.),False,0.509077,0.001579
llama3_8b,k14,winogrande,True,non_mmlu,1267,content_norm,longest_first,0.506709,0.494081,1.2628,-2.3678,5.0513,3.7096,0.5109,0.5334250936648018,AT the floor (n.s.),False,0.509077,0.001579
llama3_8b,k14,winogrande,True,non_mmlu,1267,content_norm,longest_last,0.506709,0.508287,-0.1579,-4.0253,3.7096,3.8674,0.9407,0.9679173570111141,AT the floor (n.s.),False,0.509077,0.001579
llama3_8b,k14,winogrande,True,non_mmlu,1267,content_norm,longest_credit,0.506709,0.933702,-42.6993,-45.6985,-39.7001,2.9992,0.0001,1.0673682978116146e-130,BELOW the floor,False,0.509077,0.001579
llama3_8b,k14,winogrande,True,non_mmlu,1267,content_norm,longest_wrong,0.506709,0.068666,43.8043,40.9629,46.7245,2.8808,0.0001,1.0833383549923925e-141,above the floor,False,0.509077,0.001579
llama3_8b,k12,arc_challenge,False,non_mmlu,1172,letter,best_constant_B,0.258532,0.265358,-0.6826,-3.413,2.0478,2.7304,0.6337,0.6724563876646864,AT the floor (n.s.),False,0.536689,0.004266
llama3_8b,k12,arc_challenge,False,non_mmlu,1172,content_raw,longest_split,0.227816,0.283902,-5.6086,-9.2223,-2.005,3.6086,0.0022,,BELOW the floor,False,0.383106,0.0
llama3_8b,k12,arc_challenge,False,non_mmlu,1172,content_raw,longest_first,0.227816,0.265358,-3.7543,-7.7645,0.1706,3.9676,0.0597,0.06712268845027979,AT the floor (n.s.),False,0.383106,0.0
llama3_8b,k12,arc_challenge,False,non_mmlu,1172,content_raw,longest_last,0.227816,0.296075,-6.8259,-10.8362,-2.8157,4.0102,0.0014999999999999998,0.0009995983230175205,BELOW the floor,False,0.383106,0.0
llama3_8b,k12,arc_challenge,False,non_mmlu,1172,content_raw,longest_credit,0.227816,0.543515,-31.57,-35.9215,-27.3038,4.3089,0.0001,9.537949087606397e-42,BELOW the floor,False,0.383106,0.0
llama3_8b,k12,arc_challenge,False,non_mmlu,1172,content_raw,longest_wrong,0.227816,0.142491,8.5324,5.0341,12.0307,3.4983,0.0001,1.8220069399534476e-06,above the floor,False,0.383106,0.0
llama3_8b,k12,arc_challenge,False,non_mmlu,1172,content_norm,longest_split,0.255119,0.283902,-2.8783,-5.8163,0.1067,2.9615,0.0582,,AT the floor (n.s.),False,0.266212,0.0
llama3_8b,k12,arc_challenge,False,non_mmlu,1172,content_norm,longest_first,0.255119,0.265358,-1.0239,-4.3515,2.3038,3.3276,0.5383,0.5870106575329661,AT the floor (n.s.),False,0.266212,0.0
llama3_8b,k12,arc_challenge,False,non_mmlu,1172,content_norm,longest_last,0.255119,0.296075,-4.0956,-7.5939,-0.5973,3.4983,0.023,0.022985318819328592,BELOW the floor,False,0.266212,0.0
llama3_8b,k12,arc_challenge,False,non_mmlu,1172,content_norm,longest_credit,0.255119,0.543515,-28.8396,-32.4232,-25.3413,3.541,0.0001,3.702066672603826e-49,BELOW the floor,False,0.266212,0.0
llama3_8b,k12,arc_challenge,False,non_mmlu,1172,content_norm,longest_wrong,0.255119,0.142491,11.2628,8.1911,14.3345,3.0717,0.0001,1.1768556672223556e-12,above the floor,False,0.266212,0.0
llama3_8b,k12,arc_easy,False,non_mmlu,2376,letter,best_constant_C,0.25,0.266414,-1.6414,-4.2929,0.9259,2.6094,0.20950000000000002,0.2273720414163736,AT the floor (n.s.),False,0.676347,0.001684
llama3_8b,k12,arc_easy,False,non_mmlu,2376,content_raw,longest_split,0.257576,0.238089,1.9487,-0.5191,4.4321,2.4756,0.1176,,AT the floor (n.s.),False,0.357744,0.000842
llama3_8b,k12,arc_easy,False,non_mmlu,2376,content_raw,longest_first,0.257576,0.238636,1.8939,-0.7586,4.6296,2.6941,0.1696,0.17835629382927118,AT the floor (n.s.),False,0.357744,0.000842
llama3_8b,k12,arc_easy,False,non_mmlu,2376,content_raw,longest_last,0.257576,0.235269,2.2306,-0.463,4.9242,2.6936,0.1079,0.11504045612081527,AT the floor (n.s.),False,0.357744,0.000842
llama3_8b,k12,arc_easy,False,non_mmlu,2376,content_raw,longest_credit,0.257576,0.507155,-24.9579,-27.9461,-21.9697,2.9882,0.0001,6.126066368569976e-55,BELOW the floor,False,0.357744,0.000842
llama3_8b,k12,arc_easy,False,non_mmlu,2376,content_raw,longest_wrong,0.257576,0.106481,15.1094,12.7525,17.4663,2.3569,0.0001,3.712416083179708e-35,above the floor,False,0.357744,0.000842
llama3_8b,k12,arc_easy,False,non_mmlu,2376,content_norm,longest_split,0.262205,0.238089,2.4116,0.3262,4.4823,2.0781,0.0232,,above the floor,False,0.265572,0.000421
llama3_8b,k12,arc_easy,False,non_mmlu,2376,content_norm,longest_first,0.262205,0.238636,2.3569,0.0,4.7138,2.3569,0.051699999999999996,0.052642196831696346,AT the floor (n.s.),False,0.265572,0.000421
llama3_8b,k12,arc_easy,False,non_mmlu,2376,content_norm,longest_last,0.262205,0.235269,2.6936,0.2946,5.0926,2.399,0.025500000000000002,0.028506925601374754,above the floor,False,0.265572,0.000421
llama3_8b,k12,arc_easy,False,non_mmlu,2376,content_norm,longest_credit,0.262205,0.507155,-24.4949,-27.0623,-21.9697,2.5463,0.0001,1.0000936601016577e-74,BELOW the floor,False,0.265572,0.000421
llama3_8b,k12,arc_easy,False,non_mmlu,2376,content_norm,longest_wrong,0.262205,0.106481,15.5724,13.4259,17.7189,2.1465,0.0001,1.8841719599174122e-45,above the floor,False,0.265572,0.000421
llama3_8b,k12,openbookqa,False,non_mmlu,500,letter,best_constant_A,0.232,0.276,-4.4,-10.6,1.8,6.2,0.1729,0.18751229338807526,AT the floor (n.s.),False,0.824,0.0
llama3_8b,k12,openbookqa,False,non_mmlu,500,content_raw,longest_split,0.158,0.367,-20.9,-26.1667,-15.6496,5.2585,0.0001,,BELOW the floor,False,0.262,0.004
llama3_8b,k12,openbookqa,False,non_mmlu,500,content_raw,longest_first,0.158,0.382,-22.4,-28.4,-16.4,6.0,0.0001,1.4248021565876793e-12,BELOW the floor,False,0.262,0.004
llama3_8b,k12,openbookqa,False,non_mmlu,500,content_raw,longest_last,0.158,0.36,-20.2,-26.0,-14.2,5.9,0.0001,9.11273380192826e-11,BELOW the floor,False,0.262,0.004
llama3_8b,k12,openbookqa,False,non_mmlu,500,content_raw,longest_credit,0.158,0.642,-48.4,-54.2,-42.4,5.9,0.0001,7.713213356142443e-42,BELOW the floor,False,0.262,0.004
llama3_8b,k12,openbookqa,False,non_mmlu,500,content_raw,longest_wrong,0.158,0.228,-7.0,-12.4,-1.8,5.3,0.0098,0.014178777442681768,BELOW the floor,False,0.262,0.004
llama3_8b,k12,openbookqa,False,non_mmlu,500,content_norm,longest_split,0.244,0.367,-12.3,-17.1333,-7.55,4.7917,0.0001,,BELOW the floor,False,0.264,0.004
llama3_8b,k12,openbookqa,False,non_mmlu,500,content_norm,longest_first,0.244,0.382,-13.8,-19.4,-8.4,5.5,0.0001,1.4560949563061535e-06,BELOW the floor,False,0.264,0.004
llama3_8b,k12,openbookqa,False,non_mmlu,500,content_norm,longest_last,0.244,0.36,-11.6,-17.0,-6.0,5.5,0.0001,4.972973479213167e-05,BELOW the floor,False,0.264,0.004
llama3_8b,k12,openbookqa,False,non_mmlu,500,content_norm,longest_credit,0.244,0.642,-39.8,-45.2,-34.4,5.4,0.0001,5.248638090966883e-36,BELOW the floor,False,0.264,0.004
llama3_8b,k12,openbookqa,False,non_mmlu,500,content_norm,longest_wrong,0.244,0.228,1.6,-3.4,6.6,5.0,0.5245,0.5870535639169957,AT the floor (n.s.),False,0.264,0.004
llama3_8b,k12,commonsense_qa,False,non_mmlu,1221,letter,best_constant_B,0.218673,0.208845,0.9828,-0.5733,2.5389,1.5561,0.23450000000000001,0.2664055944112006,AT the floor (n.s.),False,0.797707,0.003276
llama3_8b,k12,commonsense_qa,False,non_mmlu,1221,content_raw,longest_split,0.190008,0.201843,-1.1835,-4.2985,1.9042,3.1014,0.4546,,AT the floor (n.s.),False,0.216216,0.003276
llama3_8b,k12,commonsense_qa,False,non_mmlu,1221,content_raw,longest_first,0.190008,0.208845,-1.8837,-5.4054,1.7199,3.5627,0.2927,0.3158057301405135,AT the floor (n.s.),False,0.216216,0.003276
llama3_8b,k12,commonsense_qa,False,non_mmlu,1221,content_raw,longest_last,0.190008,0.20475,-1.4742,-4.914,1.9656,3.4398,0.4068,0.43002358632119586,AT the floor (n.s.),False,0.216216,0.003276
llama3_8b,k12,commonsense_qa,False,non_mmlu,1221,content_raw,longest_credit,0.190008,0.434889,-24.4881,-28.4193,-20.475,3.9722,0.0001,1.0021936607282492e-30,BELOW the floor,False,0.216216,0.003276
llama3_8b,k12,commonsense_qa,False,non_mmlu,1221,content_raw,longest_wrong,0.190008,0.092547,9.7461,6.7977,12.6126,2.9075,0.0001,1.3988565426621746e-10,above the floor,False,0.216216,0.003276
llama3_8b,k12,commonsense_qa,False,non_mmlu,1221,content_norm,longest_split,0.217035,0.201843,1.5192,-1.2231,4.2261,2.7246,0.2772,,AT the floor (n.s.),False,0.231777,0.003276
llama3_8b,k12,commonsense_qa,False,non_mmlu,1221,content_norm,longest_first,0.217035,0.208845,0.819,-2.2932,3.8493,3.0713,0.6077,0.6408246703251453,AT the floor (n.s.),False,0.231777,0.003276
llama3_8b,k12,commonsense_qa,False,non_mmlu,1221,content_norm,longest_last,0.217035,0.20475,1.2285,-1.8837,4.3407,3.1122,0.4425,0.4755799184333422,AT the floor (n.s.),False,0.231777,0.003276
llama3_8b,k12,commonsense_qa,False,non_mmlu,1221,content_norm,longest_credit,0.217035,0.434889,-21.7854,-25.3071,-18.3456,3.4808,0.0001,6.608525461860218e-33,BELOW the floor,False,0.231777,0.003276
llama3_8b,k12,commonsense_qa,False,non_mmlu,1221,content_norm,longest_wrong,0.217035,0.092547,12.4488,9.6642,15.1515,2.7437,0.0001,1.9557961192518936e-18,above the floor,False,0.231777,0.003276
llama3_8b,k12,piqa,False,non_mmlu,1838,letter,best_constant_B,0.491295,0.504897,-1.3602,-2.2307,-0.5441,0.8433,0.0015,0.0026263768106840808,BELOW the floor,True,0.964635,0.0
llama3_8b,k12,piqa,False,non_mmlu,1838,content_raw,longest_split,0.555495,0.465724,8.9771,5.2231,12.6224,3.6997,0.0001,,above the floor,False,0.51197,0.0
llama3_8b,k12,piqa,False,non_mmlu,1838,content_raw,longest_first,0.555495,0.47062,8.4875,4.4614,12.4606,3.9996,0.0001,4.0337337969981445e-05,above the floor,False,0.51197,0.0
llama3_8b,k12,piqa,False,non_mmlu,1838,content_raw,longest_last,0.555495,0.460827,9.4668,5.3849,13.3297,3.9724,0.0001,4.0373943160554135e-06,above the floor,False,0.51197,0.0
llama3_8b,k12,piqa,False,non_mmlu,1838,content_raw,longest_credit,0.555495,0.678455,-12.296,-16.2677,-8.3787,3.9445,0.0001,1.3517758960801995e-09,BELOW the floor,False,0.51197,0.0
llama3_8b,k12,piqa,False,non_mmlu,1838,content_raw,longest_wrong,0.555495,0.252992,30.2503,26.333,33.9499,3.8085,0.0001,4.129399653932022e-49,above the floor,False,0.51197,0.0
llama3_8b,k12,piqa,False,non_mmlu,1838,content_norm,longest_split,0.529924,0.465724,6.42,3.482,9.3036,2.9108,0.0001,,above the floor,False,0.508161,0.0
llama3_8b,k12,piqa,False,non_mmlu,1838,content_norm,longest_first,0.529924,0.47062,5.9304,2.6659,9.1404,3.2372,0.0006,0.0004186545515561927,above the floor,False,0.508161,0.0
llama3_8b,k12,piqa,False,non_mmlu,1838,content_norm,longest_last,0.529924,0.460827,6.9097,3.6453,10.1741,3.2644,0.0001,3.275028572544286e-05,above the floor,False,0.508161,0.0
llama3_8b,k12,piqa,False,non_mmlu,1838,content_norm,longest_credit,0.529924,0.678455,-14.8531,-18.0087,-11.6975,3.1556,0.0001,5.023989929423577e-20,BELOW the floor,False,0.508161,0.0
llama3_8b,k12,piqa,False,non_mmlu,1838,content_norm,longest_wrong,0.529924,0.252992,27.6931,24.5919,30.6855,3.0468,0.0001,5.303840969369771e-63,above the floor,False,0.508161,0.0
llama3_8b,k12,winogrande,True,non_mmlu,1267,letter,best_constant_B,0.504341,0.504341,0.0,0.0,0.0,0.0,1.0,1.0,AT the floor (n.s.),True,1.0,0.0
llama3_8b,k12,winogrande,True,non_mmlu,1267,content_raw,longest_split,0.491713,0.501184,-0.9471,-4.2226,2.3283,3.2755,0.5909,,AT the floor (n.s.),False,0.50513,0.0
llama3_8b,k12,winogrande,True,non_mmlu,1267,content_raw,longest_first,0.491713,0.494081,-0.2368,-4.262,3.9463,4.1042,0.9292,0.9399636999196257,AT the floor (n.s.),False,0.50513,0.0
llama3_8b,k12,winogrande,True,non_mmlu,1267,content_raw,longest_last,0.491713,0.508287,-1.6575,-5.9984,2.4467,4.2226,0.45280000000000004,0.4601022222416694,AT the floor (n.s.),False,0.50513,0.0
llama3_8b,k12,winogrande,True,non_mmlu,1267,content_raw,longest_credit,0.491713,0.933702,-44.1989,-47.5947,-40.8051,3.3948,0.0001,8.836926775595689e-108,BELOW the floor,False,0.50513,0.0
llama3_8b,k12,winogrande,True,non_mmlu,1267,content_raw,longest_wrong,0.491713,0.068666,42.3047,38.9108,45.6985,3.3938,0.0001,9.618496225515524e-101,above the floor,False,0.50513,0.0
llama3_8b,k12,winogrande,True,non_mmlu,1267,content_norm,longest_split,0.492502,0.501184,-0.8682,-3.6701,1.9337,2.8019,0.5607000000000001,,AT the floor (n.s.),False,0.509077,0.0
llama3_8b,k12,winogrande,True,non_mmlu,1267,content_norm,longest_first,0.492502,0.494081,-0.1579,-3.8674,3.7096,3.7885,0.9592,0.9671097821908393,AT the floor (n.s.),False,0.509077,0.0
llama3_8b,k12,winogrande,True,non_mmlu,1267,content_norm,longest_last,0.492502,0.508287,-1.5785,-5.5249,2.2889,3.9069,0.4288,0.44398059083184427,AT the floor (n.s.),False,0.509077,0.0
llama3_8b,k12,winogrande,True,non_mmlu,1267,content_norm,longest_credit,0.492502,0.933702,-44.12,-47.0403,-41.1997,2.9203,0.0001,9.739510494189494e-139,BELOW the floor,False,0.509077,0.0
llama3_8b,k12,winogrande,True,non_mmlu,1267,content_norm,longest_wrong,0.492502,0.068666,42.3836,39.4633,45.3039,2.9203,0.0001,4.9250067280235e-131,above the floor,False,0.509077,0.0
llama3_8b,k10,arc_challenge,False,non_mmlu,1172,letter,best_constant_B,0.241468,0.265358,-2.3891,-6.3993,1.7065,4.0529,0.25120000000000003,0.26711582039995796,AT the floor (n.s.),False,0.957338,0.0
llama3_8b,k10,arc_challenge,False,non_mmlu,1172,content_raw,longest_split,0.231229,0.283902,-5.2673,-8.8767,-1.6482,3.6143,0.0038,,BELOW the floor,False,0.37372,0.001706
llama3_8b,k10,arc_challenge,False,non_mmlu,1172,content_raw,longest_first,0.231229,0.265358,-3.413,-7.3379,0.5119,3.9249,0.08910000000000001,0.09986010569787564,AT the floor (n.s.),False,0.37372,0.001706
llama3_8b,k10,arc_challenge,False,non_mmlu,1172,content_raw,longest_last,0.231229,0.296075,-6.4846,-10.5802,-2.4744,4.0529,0.0018,0.0019219698329514538,BELOW the floor,False,0.37372,0.001706
llama3_8b,k10,arc_challenge,False,non_mmlu,1172,content_raw,longest_credit,0.231229,0.543515,-31.2287,-35.5802,-26.9625,4.3089,0.0001,2.058697265173791e-40,BELOW the floor,False,0.37372,0.001706
llama3_8b,k10,arc_challenge,False,non_mmlu,1172,content_raw,longest_wrong,0.231229,0.142491,8.8737,5.3754,12.372,3.4983,0.0001,7.664531864536533e-07,above the floor,False,0.37372,0.001706
llama3_8b,k10,arc_challenge,False,non_mmlu,1172,content_norm,longest_split,0.266212,0.283902,-1.7691,-4.6445,1.0936,2.8691,0.2294,,AT the floor (n.s.),False,0.272184,0.001706
llama3_8b,k10,arc_challenge,False,non_mmlu,1172,content_norm,longest_first,0.266212,0.265358,0.0853,-3.157,3.413,3.285,0.9752000000000001,0.9999999999999555,AT the floor (n.s.),False,0.272184,0.001706
llama3_8b,k10,arc_challenge,False,non_mmlu,1172,content_norm,longest_last,0.266212,0.296075,-2.9863,-6.3993,0.4266,3.413,0.08460000000000001,0.09100520832701679,AT the floor (n.s.),False,0.272184,0.001706
llama3_8b,k10,arc_challenge,False,non_mmlu,1172,content_norm,longest_credit,0.266212,0.543515,-27.7304,-31.3993,-24.2321,3.5836,0.0001,1.6733595250250104e-46,BELOW the floor,False,0.272184,0.001706
llama3_8b,k10,arc_challenge,False,non_mmlu,1172,content_norm,longest_wrong,0.266212,0.142491,12.372,9.471,15.273,2.901,0.0001,4.420585472767621e-16,above the floor,False,0.272184,0.001706
llama3_8b,k10,arc_easy,False,non_mmlu,2376,letter,best_constant_C,0.236953,0.266414,-2.9461,-5.8081,-0.0842,2.862,0.043800000000000006,0.04597733980013951,BELOW the floor,False,0.973485,0.000421
llama3_8b,k10,arc_easy,False,non_mmlu,2376,content_raw,longest_split,0.260943,0.238089,2.2854,-0.1825,4.8331,2.5078,0.0702,,AT the floor (n.s.),False,0.356481,0.0
llama3_8b,k10,arc_easy,False,non_mmlu,2376,content_raw,longest_first,0.260943,0.238636,2.2306,-0.463,4.9663,2.7146,0.10099999999999999,0.1120304585605093,AT the floor (n.s.),False,0.356481,0.0
llama3_8b,k10,arc_easy,False,non_mmlu,2376,content_raw,longest_last,0.260943,0.235269,2.5673,-0.1684,5.3451,2.7567,0.06559999999999999,0.07077547307738712,AT the floor (n.s.),False,0.356481,0.0
llama3_8b,k10,arc_easy,False,non_mmlu,2376,content_raw,longest_credit,0.260943,0.507155,-24.6212,-27.6936,-21.5067,3.0934,0.0001,1.1347973790595856e-52,BELOW the floor,False,0.356481,0.0
llama3_8b,k10,arc_easy,False,non_mmlu,2376,content_raw,longest_wrong,0.260943,0.106481,15.4461,13.1313,17.803,2.3359,0.0001,2.719957883431472e-36,above the floor,False,0.356481,0.0
llama3_8b,k10,arc_easy,False,non_mmlu,2376,content_norm,longest_split,0.273148,0.238089,3.5059,1.4268,5.6068,2.09,0.0008,,above the floor,False,0.28367,0.0
llama3_8b,k10,arc_easy,False,non_mmlu,2376,content_norm,longest_first,0.273148,0.238636,3.4512,1.0943,5.8081,2.3569,0.0045,0.004110703274359291,above the floor,False,0.28367,0.0
llama3_8b,k10,arc_easy,False,non_mmlu,2376,content_norm,longest_last,0.273148,0.235269,3.7879,1.3889,6.1027,2.3569,0.0016,0.0017024132044768333,above the floor,False,0.28367,0.0
llama3_8b,k10,arc_easy,False,non_mmlu,2376,content_norm,longest_credit,0.273148,0.507155,-23.4007,-25.9259,-20.8754,2.5253,0.0001,2.9116023566829523e-69,BELOW the floor,False,0.28367,0.0
llama3_8b,k10,arc_easy,False,non_mmlu,2376,content_norm,longest_wrong,0.273148,0.106481,16.6667,14.5202,18.771,2.1254,0.0001,3.175322892398259e-52,above the floor,False,0.28367,0.0
llama3_8b,k10,openbookqa,False,non_mmlu,500,letter,best_constant_A,0.202,0.276,-7.4,-13.4,-1.4,6.0,0.014499999999999999,0.01816109207571758,BELOW the floor,False,0.932,0.002
llama3_8b,k10,openbookqa,False,non_mmlu,500,content_raw,longest_split,0.178,0.367,-18.9,-24.25,-13.5333,5.3583,0.0001,,BELOW the floor,False,0.252,0.0
llama3_8b,k10,openbookqa,False,non_mmlu,500,content_raw,longest_first,0.178,0.382,-20.4,-26.4,-14.6,5.9,0.0001,6.417069392429883e-11,BELOW the floor,False,0.252,0.0
llama3_8b,k10,openbookqa,False,non_mmlu,500,content_raw,longest_last,0.178,0.36,-18.2,-24.2,-12.2,6.0,0.0001,1.4095416756431628e-08,BELOW the floor,False,0.252,0.0
llama3_8b,k10,openbookqa,False,non_mmlu,500,content_raw,longest_credit,0.178,0.642,-46.4,-52.2,-40.4,5.9,0.0001,4.116769424952995e-40,BELOW the floor,False,0.252,0.0
llama3_8b,k10,openbookqa,False,non_mmlu,500,content_raw,longest_wrong,0.178,0.228,-5.0,-10.4,0.4,5.4,0.0714,0.09184530038378497,AT the floor (n.s.),False,0.252,0.0
llama3_8b,k10,openbookqa,False,non_mmlu,500,content_norm,longest_split,0.292,0.367,-7.5,-12.3333,-2.7333,4.8,0.0038,,BELOW the floor,False,0.276,0.0
llama3_8b,k10,openbookqa,False,non_mmlu,500,content_norm,longest_first,0.292,0.382,-9.0,-14.2,-3.8,5.2,0.0007,0.0010183334172665366,BELOW the floor,False,0.276,0.0
llama3_8b,k10,openbookqa,False,non_mmlu,500,content_norm,longest_last,0.292,0.36,-6.8,-12.4,-1.2,5.6,0.0164,0.021902578154892292,BELOW the floor,False,0.276,0.0
llama3_8b,k10,openbookqa,False,non_mmlu,500,content_norm,longest_credit,0.292,0.642,-35.0,-40.2,-29.6,5.3,0.0001,6.53409678665168e-32,BELOW the floor,False,0.276,0.0
llama3_8b,k10,openbookqa,False,non_mmlu,500,content_norm,longest_wrong,0.292,0.228,6.4,1.2,11.4,5.1,0.016,0.019196211139832796,above the floor,False,0.276,0.0
llama3_8b,k10,commonsense_qa,False,non_mmlu,1221,letter,best_constant_B,0.208845,0.208845,0.0,-3.5217,3.6036,3.5627,0.9999,1.0,AT the floor (n.s.),False,0.925471,0.000819
llama3_8b,k10,commonsense_qa,False,non_mmlu,1221,content_raw,longest_split,0.176085,0.201843,-2.5758,-5.6156,0.4587,3.0372,0.0959,,AT the floor (n.s.),False,0.224406,0.003276
llama3_8b,k10,commonsense_qa,False,non_mmlu,1221,content_raw,longest_first,0.176085,0.208845,-3.276,-6.7179,0.1638,3.4408,0.059500000000000004,0.06707791270348273,AT the floor (n.s.),False,0.224406,0.003276
llama3_8b,k10,commonsense_qa,False,non_mmlu,1221,content_raw,longest_last,0.176085,0.20475,-2.8665,-6.2244,0.4914,3.3579,0.09910000000000001,0.10848756386459486,AT the floor (n.s.),False,0.224406,0.003276
llama3_8b,k10,commonsense_qa,False,non_mmlu,1221,content_raw,longest_credit,0.176085,0.434889,-25.8804,-29.8116,-22.0311,3.8903,0.0001,7.722747203610542e-35,BELOW the floor,False,0.224406,0.003276
llama3_8b,k10,commonsense_qa,False,non_mmlu,1221,content_raw,longest_wrong,0.176085,0.092547,8.3538,5.4873,11.2203,2.8665,0.0001,1.8988191197861913e-08,above the floor,False,0.224406,0.003276
llama3_8b,k10,commonsense_qa,False,non_mmlu,1221,content_norm,longest_split,0.230958,0.201843,2.9115,0.2744,5.5624,2.644,0.0302,,above the floor,False,0.208026,0.003276
llama3_8b,k10,commonsense_qa,False,non_mmlu,1221,content_norm,longest_first,0.230958,0.208845,2.2113,-0.819,5.1597,2.9894,0.14379999999999998,0.16631596757084358,AT the floor (n.s.),False,0.208026,0.003276
llama3_8b,k10,commonsense_qa,False,non_mmlu,1221,content_norm,longest_last,0.230958,0.20475,2.6208,-0.4095,5.6511,3.0303,0.0932,0.10120412765183924,AT the floor (n.s.),False,0.208026,0.003276
llama3_8b,k10,commonsense_qa,False,non_mmlu,1221,content_norm,longest_credit,0.230958,0.434889,-20.3931,-23.6691,-17.0352,3.317,0.0001,3.6339710887048638e-31,BELOW the floor,False,0.208026,0.003276
llama3_8b,k10,commonsense_qa,False,non_mmlu,1221,content_norm,longest_wrong,0.230958,0.092547,13.8411,11.1384,16.5438,2.7027,0.0001,6.505168890949347e-23,above the floor,False,0.208026,0.003276
llama3_8b,k10,piqa,False,non_mmlu,1838,letter,best_constant_B,0.479869,0.504897,-2.5027,-6.3112,1.4146,3.8629,0.20709999999999998,0.21928607205192144,AT the floor (n.s.),False,0.730141,0.002176
llama3_8b,k10,piqa,False,non_mmlu,1838,content_raw,longest_split,0.556583,0.465724,9.086,5.2775,12.7856,3.7541,0.0001,,above the floor,False,0.5,0.0
llama3_8b,k10,piqa,False,non_mmlu,1838,content_raw,longest_first,0.556583,0.47062,8.5963,4.6246,12.568,3.9717,0.0001,2.8868958497085394e-05,above the floor,False,0.5,0.0
llama3_8b,k10,piqa,False,non_mmlu,1838,content_raw,longest_last,0.556583,0.460827,9.5756,5.5495,13.5473,3.9989,0.0001,3.4872425497568806e-06,above the floor,False,0.5,0.0
llama3_8b,k10,piqa,False,non_mmlu,1838,content_raw,longest_credit,0.556583,0.678455,-12.1872,-16.1589,-8.2699,3.9445,0.0001,1.8394236484106632e-09,BELOW the floor,False,0.5,0.0
llama3_8b,k10,piqa,False,non_mmlu,1838,content_raw,longest_wrong,0.556583,0.252992,30.3591,26.4962,34.1132,3.8085,0.0001,1.8405754641418446e-49,above the floor,False,0.5,0.0
llama3_8b,k10,piqa,False,non_mmlu,1838,content_norm,longest_split,0.543526,0.465724,7.7802,4.8959,10.5822,2.8431,0.0001,,above the floor,False,0.506529,0.0
llama3_8b,k10,piqa,False,non_mmlu,1838,content_norm,longest_first,0.543526,0.47062,7.2905,4.0805,10.5005,3.21,0.0001,1.0497317870318915e-05,above the floor,False,0.506529,0.0
llama3_8b,k10,piqa,False,non_mmlu,1838,content_norm,longest_last,0.543526,0.460827,8.2699,5.0054,11.4255,3.21,0.0001,6.78526943536111e-07,above the floor,False,0.506529,0.0
llama3_8b,k10,piqa,False,non_mmlu,1838,content_norm,longest_credit,0.543526,0.678455,-13.4929,-16.6485,-10.3917,3.1284,0.0001,6.148977042891758e-17,BELOW the floor,False,0.506529,0.0
llama3_8b,k10,piqa,False,non_mmlu,1838,content_norm,longest_wrong,0.543526,0.252992,29.0533,26.0065,31.9913,2.9924,0.0001,2.8347568470141002e-70,above the floor,False,0.506529,0.0
llama3_8b,k10,winogrande,True,non_mmlu,1267,letter,best_constant_B,0.498816,0.504341,-0.5525,-4.8934,3.7096,4.3015,0.7922,0.8287202835110896,AT the floor (n.s.),False,0.606946,0.0
llama3_8b,k10,winogrande,True,non_mmlu,1267,content_raw,longest_split,0.495659,0.501184,-0.5525,-3.9069,2.7624,3.3346,0.7599,,AT the floor (n.s.),False,0.50513,0.001579
llama3_8b,k10,winogrande,True,non_mmlu,1267,content_raw,longest_first,0.495659,0.494081,0.1579,-3.9463,4.4199,4.1831,0.9250999999999999,0.9702335788092783,AT the floor (n.s.),False,0.50513,0.001579
llama3_8b,k10,winogrande,True,non_mmlu,1267,content_raw,longest_last,0.495659,0.508287,-1.2628,-5.6038,2.9203,4.262,0.5706,0.5761805695794708,AT the floor (n.s.),False,0.50513,0.001579
llama3_8b,k10,winogrande,True,non_mmlu,1267,content_raw,longest_credit,0.495659,0.933702,-43.8043,-47.277,-40.3315,3.4728,0.0001,1.5309041183868528e-106,BELOW the floor,False,0.50513,0.001579
llama3_8b,k10,winogrande,True,non_mmlu,1267,content_raw,longest_wrong,0.495659,0.068666,42.6993,39.2265,46.1721,3.4728,0.0001,5.7541126580123304e-102,above the floor,False,0.50513,0.001579
llama3_8b,k10,winogrande,True,non_mmlu,1267,content_norm,longest_split,0.491713,0.501184,-0.9471,-3.8674,1.9337,2.9006,0.5315,,AT the floor (n.s.),False,0.50513,0.001579
llama3_8b,k10,winogrande,True,non_mmlu,1267,content_norm,longest_first,0.491713,0.494081,-0.2368,-4.0253,3.6326,3.8289,0.9183,0.9356262155240344,AT the floor (n.s.),False,0.50513,0.001579
llama3_8b,k10,winogrande,True,non_mmlu,1267,content_norm,longest_last,0.491713,0.508287,-1.6575,-5.6827,2.2099,3.9463,0.4069,0.419989547007132,AT the floor (n.s.),False,0.50513,0.001579
llama3_8b,k10,winogrande,True,non_mmlu,1267,content_norm,longest_credit,0.491713,0.933702,-44.1989,-47.1981,-41.1997,2.9992,0.0001,9.74235545244792e-137,BELOW the floor,False,0.50513,0.001579
llama3_8b,k10,winogrande,True,non_mmlu,1267,content_norm,longest_wrong,0.491713,0.068666,42.3047,39.2265,45.3828,3.0781,0.0001,1.3682433392297853e-124,above the floor,False,0.50513,0.001579
llama3_8b,k8,arc_challenge,False,non_mmlu,1172,letter,best_constant_B,0.217577,0.265358,-4.7782,-8.7031,-0.8532,3.9249,0.0144,0.020257320488212726,BELOW the floor,False,0.851536,0.0
llama3_8b,k8,arc_challenge,False,non_mmlu,1172,content_raw,longest_split,0.229522,0.283902,-5.438,-9.0131,-1.7662,3.6235,0.0042,,BELOW the floor,False,0.366041,0.0
llama3_8b,k8,arc_challenge,False,non_mmlu,1172,content_raw,longest_first,0.229522,0.265358,-3.5836,-7.5085,0.3413,3.9249,0.073,0.08308094675850529,AT the floor (n.s.),False,0.366041,0.0
llama3_8b,k8,arc_challenge,False,non_mmlu,1172,content_raw,longest_last,0.229522,0.296075,-6.6553,-10.6655,-2.5597,4.0529,0.0023,0.001340897132302342,BELOW the floor,False,0.366041,0.0
llama3_8b,k8,arc_challenge,False,non_mmlu,1172,content_raw,longest_credit,0.229522,0.543515,-31.3993,-35.6655,-27.0478,4.3089,0.0001,5.774154596475013e-41,BELOW the floor,False,0.366041,0.0
llama3_8b,k8,arc_challenge,False,non_mmlu,1172,content_raw,longest_wrong,0.229522,0.142491,8.7031,5.2901,12.2014,3.4556,0.0001,1.1186606304401546e-06,above the floor,False,0.366041,0.0
llama3_8b,k8,arc_challenge,False,non_mmlu,1172,content_norm,longest_split,0.268771,0.283902,-1.5131,-4.4753,1.5288,3.002,0.3308,,AT the floor (n.s.),False,0.272184,0.0
llama3_8b,k8,arc_challenge,False,non_mmlu,1172,content_norm,longest_first,0.268771,0.265358,0.3413,-3.0717,3.8396,3.4556,0.8512,0.8849909267283107,AT the floor (n.s.),False,0.272184,0.0
llama3_8b,k8,arc_challenge,False,non_mmlu,1172,content_norm,longest_last,0.268771,0.296075,-2.7304,-6.2287,0.7679,3.4983,0.126,0.133013504076949,AT the floor (n.s.),False,0.272184,0.0
llama3_8b,k8,arc_challenge,False,non_mmlu,1172,content_norm,longest_credit,0.268771,0.543515,-27.4744,-31.1433,-23.8055,3.6689,0.0001,9.024900617622206e-44,BELOW the floor,False,0.272184,0.0
llama3_8b,k8,arc_challenge,False,non_mmlu,1172,content_norm,longest_wrong,0.268771,0.142491,12.628,9.6416,15.6997,3.029,0.0001,2.1751281585537788e-15,above the floor,False,0.272184,0.0
llama3_8b,k8,arc_easy,False,non_mmlu,2376,letter,best_constant_C,0.239057,0.266414,-2.7357,-5.5556,0.1263,2.8409,0.0633,0.06473835364460077,AT the floor (n.s.),False,0.835017,0.001684
llama3_8b,k8,arc_easy,False,non_mmlu,2376,content_raw,longest_split,0.256313,0.238089,1.8224,-0.6187,4.3245,2.4716,0.1428,,AT the floor (n.s.),False,0.349327,0.000842
llama3_8b,k8,arc_easy,False,non_mmlu,2376,content_raw,longest_first,0.256313,0.238636,1.7677,-0.927,4.5455,2.7362,0.1967,0.21088884448958561,AT the floor (n.s.),False,0.349327,0.000842
llama3_8b,k8,arc_easy,False,non_mmlu,2376,content_raw,longest_last,0.256313,0.235269,2.1044,-0.5892,4.8401,2.7146,0.1273,0.1377283800918515,AT the floor (n.s.),False,0.349327,0.000842
llama3_8b,k8,arc_easy,False,non_mmlu,2376,content_raw,longest_credit,0.256313,0.507155,-25.0842,-28.1566,-22.0118,3.0724,0.0001,2.4966779097158302e-54,BELOW the floor,False,0.349327,0.000842
llama3_8b,k8,arc_easy,False,non_mmlu,2376,content_raw,longest_wrong,0.256313,0.106481,14.9832,12.6684,17.3401,2.3359,0.0001,1.273832654663645e-34,above the floor,False,0.349327,0.000842
llama3_8b,k8,arc_easy,False,non_mmlu,2376,content_norm,longest_split,0.262626,0.238089,2.4537,0.3612,4.5547,2.0968,0.0188,,above the floor,False,0.268098,0.000421
llama3_8b,k8,arc_easy,False,non_mmlu,2376,content_norm,longest_first,0.262626,0.238636,2.399,0.0421,4.798,2.3779,0.0448,0.050023854890534306,above the floor,False,0.268098,0.000421
llama3_8b,k8,arc_easy,False,non_mmlu,2376,content_norm,longest_last,0.262626,0.235269,2.7357,0.3367,5.0926,2.3779,0.0275,0.025269794194040112,above the floor,False,0.268098,0.000421
llama3_8b,k8,arc_easy,False,non_mmlu,2376,content_norm,longest_credit,0.262626,0.507155,-24.4529,-27.0623,-21.8434,2.6094,0.0001,6.919369168569613e-72,BELOW the floor,False,0.268098,0.000421
llama3_8b,k8,arc_easy,False,non_mmlu,2376,content_norm,longest_wrong,0.262626,0.106481,15.6145,13.468,17.7609,2.1465,0.0001,2.523987586488049e-46,above the floor,False,0.268098,0.000421
llama3_8b,k8,openbookqa,False,non_mmlu,500,letter,best_constant_A,0.272,0.276,-0.4,-1.8,1.0,1.4,0.5997,0.7905273437500019,AT the floor (n.s.),False,0.932,0.0
llama3_8b,k8,openbookqa,False,non_mmlu,500,content_raw,longest_split,0.148,0.367,-21.9,-27.0,-16.6333,5.1833,0.0001,,BELOW the floor,False,0.264,0.0
llama3_8b,k8,openbookqa,False,non_mmlu,500,content_raw,longest_first,0.148,0.382,-23.4,-29.0,-17.595,5.7025,0.0001,4.051288062002092e-14,BELOW the floor,False,0.264,0.0
llama3_8b,k8,openbookqa,False,non_mmlu,500,content_raw,longest_last,0.148,0.36,-21.2,-26.8,-15.2,5.8,0.0001,8.440061255591156e-12,BELOW the floor,False,0.264,0.0
llama3_8b,k8,openbookqa,False,non_mmlu,500,content_raw,longest_credit,0.148,0.642,-49.4,-55.0,-43.6,5.7,0.0001,8.33132863891904e-46,BELOW the floor,False,0.264,0.0
llama3_8b,k8,openbookqa,False,non_mmlu,500,content_raw,longest_wrong,0.148,0.228,-8.0,-13.4,-2.6,5.4,0.0031,0.004324802861177326,BELOW the floor,False,0.264,0.0
llama3_8b,k8,openbookqa,False,non_mmlu,500,content_norm,longest_split,0.258,0.367,-10.9,-15.6333,-6.1833,4.725,0.0001,,BELOW the floor,False,0.282,0.0
llama3_8b,k8,openbookqa,False,non_mmlu,500,content_norm,longest_first,0.258,0.382,-12.4,-17.6,-7.2,5.2,0.0001,6.410165219495471e-06,BELOW the floor,False,0.282,0.0
llama3_8b,k8,openbookqa,False,non_mmlu,500,content_norm,longest_last,0.258,0.36,-10.2,-15.8,-4.6,5.6,0.0001,0.0005458286496166909,BELOW the floor,False,0.282,0.0
llama3_8b,k8,openbookqa,False,non_mmlu,500,content_norm,longest_credit,0.258,0.642,-38.4,-43.8,-33.0,5.4,0.0001,1.2494906590002172e-35,BELOW the floor,False,0.282,0.0
llama3_8b,k8,openbookqa,False,non_mmlu,500,content_norm,longest_wrong,0.258,0.228,3.0,-2.0,8.0,5.0,0.2469,0.2757140572298074,AT the floor (n.s.),False,0.282,0.0
llama3_8b,k8,commonsense_qa,False,non_mmlu,1221,letter,best_constant_B,0.203931,0.208845,-0.4914,-4.095,3.0303,3.5627,0.7835,0.8198745669427199,AT the floor (n.s.),False,0.963145,0.0
llama3_8b,k8,commonsense_qa,False,non_mmlu,1221,content_raw,longest_split,0.181818,0.201843,-2.0025,-5.0943,1.1072,3.1007,0.2078,,AT the floor (n.s.),False,0.213759,0.005733
llama3_8b,k8,commonsense_qa,False,non_mmlu,1221,content_raw,longest_first,0.181818,0.208845,-2.7027,-6.1425,0.819,3.4808,0.1277,0.13858034336558323,AT the floor (n.s.),False,0.213759,0.005733
llama3_8b,k8,commonsense_qa,False,non_mmlu,1221,content_raw,longest_last,0.181818,0.20475,-2.2932,-5.733,1.1466,3.4398,0.1886,0.20802512690235817,AT the floor (n.s.),False,0.213759,0.005733
llama3_8b,k8,commonsense_qa,False,non_mmlu,1221,content_raw,longest_credit,0.181818,0.434889,-25.3071,-29.3202,-21.292,4.0141,0.0001,7.618551755098512e-32,BELOW the floor,False,0.213759,0.005733
llama3_8b,k8,commonsense_qa,False,non_mmlu,1221,content_raw,longest_wrong,0.181818,0.092547,8.9271,5.9787,11.7936,2.9075,0.0001,2.644374834609194e-09,above the floor,False,0.213759,0.005733
llama3_8b,k8,commonsense_qa,False,non_mmlu,1221,content_norm,longest_split,0.20475,0.201843,0.2907,-2.3917,2.9566,2.6741,0.8304,,AT the floor (n.s.),False,0.212121,0.004095
llama3_8b,k8,commonsense_qa,False,non_mmlu,1221,content_norm,longest_first,0.20475,0.208845,-0.4095,-3.5217,2.6208,3.0713,0.7846000000000001,0.8337462766208144,AT the floor (n.s.),False,0.212121,0.004095
llama3_8b,k8,commonsense_qa,False,non_mmlu,1221,content_norm,longest_last,0.20475,0.20475,0.0,-3.0303,3.0303,3.0303,0.9972,1.0,AT the floor (n.s.),False,0.212121,0.004095
llama3_8b,k8,commonsense_qa,False,non_mmlu,1221,content_norm,longest_credit,0.20475,0.434889,-23.0139,-26.3718,-19.5741,3.3989,0.0001,8.510113476599692e-36,BELOW the floor,False,0.212121,0.004095
llama3_8b,k8,commonsense_qa,False,non_mmlu,1221,content_norm,longest_wrong,0.20475,0.092547,11.2203,8.5176,13.8411,2.6618,0.0001,7.1388252391138015e-16,above the floor,False,0.212121,0.004095
llama3_8b,k8,piqa,False,non_mmlu,1838,letter,best_constant_B,0.490751,0.504897,-1.4146,-5.6583,2.8836,4.2709,0.5083,0.5324959918425205,AT the floor (n.s.),False,0.872688,0.002176
llama3_8b,k8,piqa,False,non_mmlu,1838,content_raw,longest_split,0.54679,0.465724,8.1066,4.3254,11.7791,3.7269,0.0001,,above the floor,False,0.501088,0.0
llama3_8b,k8,piqa,False,non_mmlu,1838,content_raw,longest_first,0.54679,0.47062,7.617,3.5909,11.5887,3.9989,0.00030000000000000003,0.00022761751590649987,above the floor,False,0.501088,0.0
llama3_8b,k8,piqa,False,non_mmlu,1838,content_raw,longest_last,0.54679,0.460827,8.5963,4.5158,12.6224,4.0533,0.0001,3.368968997351966e-05,above the floor,False,0.501088,0.0
llama3_8b,k8,piqa,False,non_mmlu,1838,content_raw,longest_credit,0.54679,0.678455,-13.1665,-17.1926,-9.2492,3.9717,0.0001,1.2467915324539445e-10,BELOW the floor,False,0.501088,0.0
llama3_8b,k8,piqa,False,non_mmlu,1838,content_raw,longest_wrong,0.54679,0.252992,29.3798,25.5713,33.1882,3.8085,0.0001,1.5123986167070735e-46,above the floor,False,0.501088,0.0
llama3_8b,k8,piqa,False,non_mmlu,1838,content_norm,longest_split,0.521763,0.465724,5.6039,2.7476,8.4059,2.8292,0.0002,,above the floor,False,0.510881,0.0
llama3_8b,k8,piqa,False,non_mmlu,1838,content_norm,longest_first,0.521763,0.47062,5.1143,1.8498,8.3243,3.2372,0.0012000000000000001,0.0021037895100953037,above the floor,False,0.510881,0.0
llama3_8b,k8,piqa,False,non_mmlu,1838,content_norm,longest_last,0.521763,0.460827,6.0936,2.8292,9.3036,3.2372,0.0002,0.0002645042318931657,above the floor,False,0.510881,0.0
llama3_8b,k8,piqa,False,non_mmlu,1838,content_norm,longest_credit,0.521763,0.678455,-15.6692,-18.8248,-12.568,3.1284,0.0001,5.479487720859127e-22,BELOW the floor,False,0.510881,0.0
llama3_8b,k8,piqa,False,non_mmlu,1838,content_norm,longest_wrong,0.521763,0.252992,26.877,23.8303,29.815,2.9924,0.0001,6.025619993012864e-61,above the floor,False,0.510881,0.0
llama3_8b,k8,winogrande,True,non_mmlu,1267,letter,best_constant_B,0.495659,0.504341,-0.8682,-6.5509,4.6567,5.6038,0.754,0.7787704259270514,AT the floor (n.s.),False,1.0,0.0
llama3_8b,k8,winogrande,True,non_mmlu,1267,content_raw,longest_split,0.494081,0.501184,-0.7103,-3.9858,2.644,3.3149,0.67,,AT the floor (n.s.),False,0.513023,0.000789
llama3_8b,k8,winogrande,True,non_mmlu,1267,content_raw,longest_first,0.494081,0.494081,0.0,-4.1831,4.341,4.262,0.994,1.0,AT the floor (n.s.),False,0.513023,0.000789
llama3_8b,k8,winogrande,True,non_mmlu,1267,content_raw,longest_last,0.494081,0.508287,-1.4207,-5.6038,2.6835,4.1436,0.5004,0.5235035756114074,AT the floor (n.s.),False,0.513023,0.000789
llama3_8b,k8,winogrande,True,non_mmlu,1267,content_raw,longest_credit,0.494081,0.933702,-43.9621,-47.356,-40.4893,3.4333,0.0001,4.8946676517200204e-107,BELOW the floor,False,0.513023,0.000789
llama3_8b,k8,winogrande,True,non_mmlu,1267,content_raw,longest_wrong,0.494081,0.068666,42.5414,39.1476,46.0142,3.4333,0.0001,1.776161998790074e-101,above the floor,False,0.513023,0.000789
llama3_8b,k8,winogrande,True,non_mmlu,1267,content_norm,longest_split,0.491713,0.501184,-0.9471,-3.7885,1.9337,2.8611,0.5095000000000001,,AT the floor (n.s.),False,0.507498,0.000789
llama3_8b,k8,winogrande,True,non_mmlu,1267,content_norm,longest_first,0.491713,0.494081,-0.2368,-4.0253,3.7096,3.8674,0.9166,0.9359382064185365,AT the floor (n.s.),False,0.507498,0.000789
llama3_8b,k8,winogrande,True,non_mmlu,1267,content_norm,longest_last,0.491713,0.508287,-1.6575,-5.5249,2.2099,3.8674,0.3938,0.4146265936622179,AT the floor (n.s.),False,0.507498,0.000789
llama3_8b,k8,winogrande,True,non_mmlu,1267,content_norm,longest_credit,0.491713,0.933702,-44.1989,-47.1192,-41.1208,2.9992,0.0001,1.7427231471204567e-137,BELOW the floor,False,0.507498,0.000789
llama3_8b,k8,winogrande,True,non_mmlu,1267,content_norm,longest_wrong,0.491713,0.068666,42.3047,39.3844,45.3828,2.9992,0.0001,1.5120431684503255e-126,above the floor,False,0.507498,0.000789
qwen3_8b_base,base,arc_challenge,False,non_mmlu,1172,letter,best_constant_B,0.924915,0.265358,65.9556,63.1399,68.8567,2.8584,0.0001,1.689639574703946e-202,above the floor,False,0.273891,0.026451
qwen3_8b_base,base,arc_challenge,False,non_mmlu,1172,content_raw,longest_split,0.526451,0.282338,24.4113,20.647,28.0703,3.7116,0.0001,,above the floor,False,0.316553,0.006826
qwen3_8b_base,base,arc_challenge,False,non_mmlu,1172,content_raw,longest_first,0.526451,0.267065,25.9386,21.9283,29.9488,4.0102,0.0001,2.877759268883765e-33,above the floor,False,0.316553,0.006826
qwen3_8b_base,base,arc_challenge,False,non_mmlu,1172,content_raw,longest_last,0.526451,0.296075,23.0375,18.8567,27.1331,4.1382,0.0001,4.757942328361545e-26,above the floor,False,0.316553,0.006826
qwen3_8b_base,base,arc_challenge,False,non_mmlu,1172,content_raw,longest_credit,0.526451,0.526451,0.0,-4.1809,4.0956,4.1382,0.9894,1.0,AT the floor (n.s.),False,0.316553,0.006826
qwen3_8b_base,base,arc_challenge,False,non_mmlu,1172,content_raw,longest_wrong,0.526451,0.143345,38.3106,34.5563,42.0648,3.7543,0.0001,9.843038558246481e-73,above the floor,False,0.316553,0.006826
qwen3_8b_base,base,arc_challenge,False,non_mmlu,1172,content_norm,longest_split,0.549488,0.282338,26.715,23.6803,29.8081,3.0639,0.0001,,above the floor,False,0.266212,0.005119
qwen3_8b_base,base,arc_challenge,False,non_mmlu,1172,content_norm,longest_first,0.549488,0.267065,28.2423,24.8294,31.6553,3.413,0.0001,4.884595196768364e-51,above the floor,False,0.266212,0.005119
qwen3_8b_base,base,arc_challenge,False,non_mmlu,1172,content_norm,longest_last,0.549488,0.296075,25.3413,21.843,28.8396,3.4983,0.0001,8.828413559947967e-42,above the floor,False,0.266212,0.005119
qwen3_8b_base,base,arc_challenge,False,non_mmlu,1172,content_norm,longest_credit,0.549488,0.526451,2.3038,-1.1092,5.7167,3.413,0.18589999999999998,0.20070688616397311,AT the floor (n.s.),False,0.266212,0.005119
qwen3_8b_base,base,arc_challenge,False,non_mmlu,1172,content_norm,longest_wrong,0.549488,0.143345,40.6143,37.372,43.942,3.285,0.0001,1.0934684069188815e-101,above the floor,False,0.266212,0.005119
qwen3_8b_base,base,arc_easy,False,non_mmlu,2376,letter,best_constant_C,0.973485,0.266414,70.7071,68.8131,72.5589,1.8729,0.0001,0.0,above the floor,False,0.267256,0.00463
qwen3_8b_base,base,arc_easy,False,non_mmlu,2376,content_raw,longest_split,0.818182,0.237949,58.0233,55.8522,60.2455,2.1967,0.0001,,above the floor,False,0.292508,0.001684
qwen3_8b_base,base,arc_easy,False,non_mmlu,2376,content_raw,longest_first,0.818182,0.239478,57.8704,55.4293,60.3956,2.4832,0.0001,6.252053510685216e-283,above the floor,False,0.292508,0.001684
qwen3_8b_base,base,arc_easy,False,non_mmlu,2376,content_raw,longest_last,0.818182,0.234848,58.3333,55.8923,60.8176,2.4626,0.0001,3.010476973844061e-286,above the floor,False,0.292508,0.001684
qwen3_8b_base,base,arc_easy,False,non_mmlu,2376,content_raw,longest_credit,0.818182,0.503367,31.4815,28.83,34.1751,2.6726,0.0001,4.459527396763808e-106,above the floor,False,0.292508,0.001684
qwen3_8b_base,base,arc_easy,False,non_mmlu,2376,content_raw,longest_wrong,0.818182,0.106902,71.1279,68.9394,73.3165,2.1886,0.0001,0.0,above the floor,False,0.292508,0.001684
qwen3_8b_base,base,arc_easy,False,non_mmlu,2376,content_norm,longest_split,0.790404,0.237949,55.2455,53.3803,57.1219,1.8708,0.0001,,above the floor,False,0.260522,0.001684
qwen3_8b_base,base,arc_easy,False,non_mmlu,2376,content_norm,longest_first,0.790404,0.239478,55.0926,52.904,57.3232,2.2096,0.0001,0.0,above the floor,False,0.260522,0.001684
qwen3_8b_base,base,arc_easy,False,non_mmlu,2376,content_norm,longest_last,0.790404,0.234848,55.5556,53.4091,57.7441,2.1675,0.0001,5.989e-320,above the floor,False,0.260522,0.001684
qwen3_8b_base,base,arc_easy,False,non_mmlu,2376,content_norm,longest_credit,0.790404,0.503367,28.7037,26.431,30.9764,2.2727,0.0001,7.7022754955475505e-121,above the floor,False,0.260522,0.001684
qwen3_8b_base,base,arc_easy,False,non_mmlu,2376,content_norm,longest_wrong,0.790404,0.106902,68.3502,66.3721,70.3283,1.9781,0.0001,0.0,above the floor,False,0.260522,0.001684
qwen3_8b_base,base,openbookqa,False,non_mmlu,500,letter,best_constant_A,0.844,0.276,56.8,52.0,61.6,4.8,0.0001,4.894012919225799e-72,above the floor,False,0.31,0.04
qwen3_8b_base,base,openbookqa,False,non_mmlu,500,content_raw,longest_split,0.356,0.3685,-1.25,-7.05,4.65,5.85,0.6949,,AT the floor (n.s.),False,0.276,0.016
qwen3_8b_base,base,openbookqa,False,non_mmlu,500,content_raw,longest_first,0.356,0.384,-2.8,-9.2,3.8,6.5,0.3921,0.4306101058233373,AT the floor (n.s.),False,0.276,0.016
qwen3_8b_base,base,openbookqa,False,non_mmlu,500,content_raw,longest_last,0.356,0.362,-0.6,-6.8,5.8,6.3,0.8604999999999999,0.9015070808432053,AT the floor (n.s.),False,0.276,0.016
qwen3_8b_base,base,openbookqa,False,non_mmlu,500,content_raw,longest_credit,0.356,0.64,-28.4,-34.6,-22.2,6.2,0.0001,2.098449424332119e-17,BELOW the floor,False,0.276,0.016
qwen3_8b_base,base,openbookqa,False,non_mmlu,500,content_raw,longest_wrong,0.356,0.23,12.6,6.6,18.6,6.0,0.0001,7.345658716256691e-05,above the floor,False,0.276,0.016
qwen3_8b_base,base,openbookqa,False,non_mmlu,500,content_norm,longest_split,0.464,0.3685,9.55,5.0167,14.2,4.5917,0.0001,,above the floor,False,0.268,0.014
qwen3_8b_base,base,openbookqa,False,non_mmlu,500,content_norm,longest_first,0.464,0.384,8.0,2.6,13.4,5.4,0.0050999999999999995,0.0049791024144429175,above the floor,False,0.268,0.014
qwen3_8b_base,base,openbookqa,False,non_mmlu,500,content_norm,longest_last,0.464,0.362,10.2,5.195,15.4,5.1025,0.0001,0.00020079695094796436,above the floor,False,0.268,0.014
qwen3_8b_base,base,openbookqa,False,non_mmlu,500,content_norm,longest_credit,0.464,0.64,-17.6,-22.6,-12.6,5.0,0.0001,2.0630091377684478e-11,BELOW the floor,False,0.268,0.014
qwen3_8b_base,base,openbookqa,False,non_mmlu,500,content_norm,longest_wrong,0.464,0.23,23.4,18.4,28.6,5.1,0.0001,8.982314129280834e-18,above the floor,False,0.268,0.014
qwen3_8b_base,base,commonsense_qa,False,non_mmlu,1221,letter,best_constant_B,0.863227,0.208845,65.4382,62.4898,68.3047,2.9075,0.0001,2.249669571723135e-205,above the floor,False,0.21294,0.02457
qwen3_8b_base,base,commonsense_qa,False,non_mmlu,1221,content_raw,longest_split,0.655201,0.201775,45.3426,41.9123,48.8016,3.4446,0.0001,,above the floor,False,0.210483,0.013104
qwen3_8b_base,base,commonsense_qa,False,non_mmlu,1221,content_raw,longest_first,0.655201,0.208026,44.7174,40.95,48.5667,3.8084,0.0001,5.3419239395910546e-90,above the floor,False,0.210483,0.013104
qwen3_8b_base,base,commonsense_qa,False,non_mmlu,1221,content_raw,longest_last,0.655201,0.20475,45.045,41.2776,48.8943,3.8084,0.0001,2.8500720482381145e-92,above the floor,False,0.210483,0.013104
qwen3_8b_base,base,commonsense_qa,False,non_mmlu,1221,content_raw,longest_credit,0.655201,0.43407,22.113,18.018,26.2899,4.136,0.0001,7.234277982950943e-24,above the floor,False,0.210483,0.013104
qwen3_8b_base,base,commonsense_qa,False,non_mmlu,1221,content_raw,longest_wrong,0.655201,0.092547,56.2654,52.9075,59.6233,3.3579,0.0001,4.9230630738264654e-148,above the floor,False,0.210483,0.013104
qwen3_8b_base,base,commonsense_qa,False,non_mmlu,1221,content_norm,longest_split,0.610975,0.201775,40.92,38.1886,43.6828,2.7471,0.0001,,above the floor,False,0.216216,0.007371
qwen3_8b_base,base,commonsense_qa,False,non_mmlu,1221,content_norm,longest_first,0.610975,0.208026,40.2948,37.1826,43.407,3.1122,0.0001,3.1610918642648376e-110,above the floor,False,0.216216,0.007371
qwen3_8b_base,base,commonsense_qa,False,non_mmlu,1221,content_norm,longest_last,0.610975,0.20475,40.6224,37.4283,43.8165,3.1941,0.0001,1.5833292451407689e-108,above the floor,False,0.216216,0.007371
qwen3_8b_base,base,commonsense_qa,False,non_mmlu,1221,content_norm,longest_credit,0.610975,0.43407,17.6904,14.4963,20.9664,3.2351,0.0001,5.047356641810417e-26,above the floor,False,0.216216,0.007371
qwen3_8b_base,base,commonsense_qa,False,non_mmlu,1221,content_norm,longest_wrong,0.610975,0.092547,51.8428,48.9762,54.7912,2.9075,0.0001,4.1592581778179835e-173,above the floor,False,0.216216,0.007371
qwen3_8b_base,base,piqa,False,non_mmlu,1838,letter,best_constant_B,0.872688,0.504897,36.7791,33.8411,39.7171,2.938,0.0001,1.8940181777760215e-113,above the floor,False,0.5321,0.027748
qwen3_8b_base,base,piqa,False,non_mmlu,1838,content_raw,longest_split,0.792709,0.466268,32.6442,29.6246,35.5277,2.9516,0.0001,,above the floor,False,0.506529,0.0
qwen3_8b_base,base,piqa,False,non_mmlu,1838,content_raw,longest_first,0.792709,0.471708,32.1001,28.7269,35.3101,3.2916,0.0001,1.8598251181724916e-71,above the floor,False,0.506529,0.0
qwen3_8b_base,base,piqa,False,non_mmlu,1838,content_raw,longest_last,0.792709,0.460827,33.1882,29.815,36.4527,3.3188,0.0001,2.137058347485822e-76,above the floor,False,0.506529,0.0
qwen3_8b_base,base,piqa,False,non_mmlu,1838,content_raw,longest_credit,0.792709,0.677367,11.5343,8.3243,14.5824,3.1291,0.0001,5.097984550304377e-13,above the floor,False,0.506529,0.0
qwen3_8b_base,base,piqa,False,non_mmlu,1838,content_raw,longest_wrong,0.792709,0.255169,53.7541,50.4897,56.9097,3.21,0.0001,2.121313237501528e-166,above the floor,False,0.506529,0.0
qwen3_8b_base,base,piqa,False,non_mmlu,1838,content_norm,longest_split,0.804679,0.466268,33.8411,31.3656,36.2078,2.4211,0.0001,,above the floor,False,0.508705,0.0
qwen3_8b_base,base,piqa,False,non_mmlu,1838,content_norm,longest_first,0.804679,0.471708,33.2971,30.4135,36.1262,2.8564,0.0001,8.68089896836472e-100,above the floor,False,0.508705,0.0
qwen3_8b_base,base,piqa,False,non_mmlu,1838,content_norm,longest_last,0.804679,0.460827,34.3852,31.5016,37.2144,2.8564,0.0001,8.80205030205081e-107,above the floor,False,0.508705,0.0
qwen3_8b_base,base,piqa,False,non_mmlu,1838,content_norm,longest_credit,0.804679,0.677367,12.7312,10.0653,15.3972,2.6659,0.0001,5.827850920405003e-21,above the floor,False,0.508705,0.0
qwen3_8b_base,base,piqa,False,non_mmlu,1838,content_norm,longest_wrong,0.804679,0.255169,54.951,52.1763,57.617,2.7203,0.0001,4.858119476112294e-222,above the floor,False,0.508705,0.0
qwen3_8b_base,base,winogrande,True,non_mmlu,1267,letter,best_constant_B,0.670876,0.504341,16.6535,12.7861,20.5209,3.8674,0.0001,1.0096011658532105e-16,above the floor,False,0.513812,0.046567
qwen3_8b_base,base,winogrande,True,non_mmlu,1267,content_raw,longest_split,0.628256,0.501184,12.7072,9.7869,15.588,2.9006,0.0001,,above the floor,False,0.59116,0.036306
qwen3_8b_base,base,winogrande,True,non_mmlu,1267,content_raw,longest_first,0.628256,0.494081,13.4175,9.8658,16.9712,3.5527,0.0001,2.771173236449344e-13,above the floor,False,0.59116,0.036306
qwen3_8b_base,base,winogrande,True,non_mmlu,1267,content_raw,longest_last,0.628256,0.508287,11.9968,7.8118,16.18,4.1841,0.0001,2.3353829458204038e-08,above the floor,False,0.59116,0.036306
qwen3_8b_base,base,winogrande,True,non_mmlu,1267,content_raw,longest_credit,0.628256,0.933702,-30.5446,-33.6227,-27.4665,3.0781,0.0001,2.4473591944969927e-75,BELOW the floor,False,0.59116,0.036306
qwen3_8b_base,base,winogrande,True,non_mmlu,1267,content_raw,longest_wrong,0.628256,0.068666,55.959,52.9597,58.9582,2.9992,0.0001,4.703118411845927e-174,above the floor,False,0.59116,0.036306
qwen3_8b_base,base,winogrande,True,non_mmlu,1267,content_norm,longest_split,0.625888,0.501184,12.4704,9.708,15.1934,2.7427,0.0001,,above the floor,False,0.588792,0.036306
qwen3_8b_base,base,winogrande,True,non_mmlu,1267,content_norm,longest_first,0.625888,0.494081,13.1807,9.7869,16.5746,3.3938,0.0001,8.003178759404047e-14,above the floor,False,0.588792,0.036306
qwen3_8b_base,base,winogrande,True,non_mmlu,1267,content_norm,longest_last,0.625888,0.508287,11.7601,7.6539,15.7853,4.0657,0.0001,1.752147632512935e-08,above the floor,False,0.588792,0.036306
qwen3_8b_base,base,winogrande,True,non_mmlu,1267,content_norm,longest_credit,0.625888,0.933702,-30.7814,-33.7017,-27.94,2.8808,0.0001,2.9532753695468474e-86,BELOW the floor,False,0.588792,0.036306
qwen3_8b_base,base,winogrande,True,non_mmlu,1267,content_norm,longest_wrong,0.625888,0.068666,55.7222,52.8019,58.5635,2.8808,0.0001,4.443892079893324e-190,above the floor,False,0.588792,0.036306
qwen3_8b_base,k14,arc_challenge,False,non_mmlu,1172,letter,best_constant_B,0.226962,0.265358,-3.8396,-7.7645,0.0853,3.9249,0.055,0.06689662770908494,AT the floor (n.s.),False,1.0,0.0
qwen3_8b_base,k14,arc_challenge,False,non_mmlu,1172,content_raw,longest_split,0.225256,0.282338,-5.7082,-9.3118,-2.0933,3.6093,0.0022,,BELOW the floor,False,0.350683,0.0
qwen3_8b_base,k14,arc_challenge,False,non_mmlu,1172,content_raw,longest_first,0.225256,0.267065,-4.1809,-8.0205,-0.256,3.8823,0.0359,0.039312128556184926,BELOW the floor,False,0.350683,0.0
qwen3_8b_base,k14,arc_challenge,False,non_mmlu,1172,content_raw,longest_last,0.225256,0.296075,-7.0819,-11.0922,-3.0717,4.0102,0.0006,0.0005622210413172167,BELOW the floor,False,0.350683,0.0
qwen3_8b_base,k14,arc_challenge,False,non_mmlu,1172,content_raw,longest_credit,0.225256,0.526451,-30.1195,-34.3857,-25.7679,4.3089,0.0001,6.980620422081021e-39,BELOW the floor,False,0.350683,0.0
qwen3_8b_base,k14,arc_challenge,False,non_mmlu,1172,content_raw,longest_wrong,0.225256,0.143345,8.1911,4.6928,11.6894,3.4983,0.0001,4.237615970575842e-06,above the floor,False,0.350683,0.0
qwen3_8b_base,k14,arc_challenge,False,non_mmlu,1172,content_norm,longest_split,0.25256,0.282338,-2.9778,-6.0638,0.101,3.0824,0.0582,,AT the floor (n.s.),False,0.290102,0.0
qwen3_8b_base,k14,arc_challenge,False,non_mmlu,1172,content_norm,longest_first,0.25256,0.267065,-1.4505,-4.9488,1.9625,3.4556,0.39139999999999997,0.4366364615281247,AT the floor (n.s.),False,0.290102,0.0
qwen3_8b_base,k14,arc_challenge,False,non_mmlu,1172,content_norm,longest_last,0.25256,0.296075,-4.3515,-7.8498,-0.8532,3.4983,0.0175,0.016666340404803928,BELOW the floor,False,0.290102,0.0
qwen3_8b_base,k14,arc_challenge,False,non_mmlu,1172,content_norm,longest_credit,0.25256,0.526451,-27.3891,-30.9727,-23.8055,3.5836,0.0001,1.4153101724930635e-43,BELOW the floor,False,0.290102,0.0
qwen3_8b_base,k14,arc_challenge,False,non_mmlu,1172,content_norm,longest_wrong,0.25256,0.143345,10.9215,7.7645,14.0785,3.157,0.0001,1.5295195152997494e-11,above the floor,False,0.290102,0.0
qwen3_8b_base,k14,arc_easy,False,non_mmlu,2376,letter,best_constant_C,0.250421,0.266414,-1.5993,-4.3771,1.2626,2.8199,0.2801,0.29103267291241636,AT the floor (n.s.),False,0.997896,0.0
qwen3_8b_base,k14,arc_easy,False,non_mmlu,2376,content_raw,longest_split,0.27904,0.237949,4.1091,1.6189,6.6744,2.5278,0.001,,above the floor,False,0.342172,0.0
qwen3_8b_base,k14,arc_easy,False,non_mmlu,2376,content_raw,longest_first,0.27904,0.239478,3.9562,1.2205,6.734,2.7567,0.0036,0.005641115691736509,above the floor,False,0.342172,0.0
qwen3_8b_base,k14,arc_easy,False,non_mmlu,2376,content_raw,longest_last,0.27904,0.234848,4.4192,1.7256,7.197,2.7357,0.0013,0.0017778769793038692,above the floor,False,0.342172,0.0
qwen3_8b_base,k14,arc_easy,False,non_mmlu,2376,content_raw,longest_credit,0.27904,0.503367,-22.4327,-25.463,-19.3603,3.0513,0.0001,2.087401075059141e-44,BELOW the floor,False,0.342172,0.0
qwen3_8b_base,k14,arc_easy,False,non_mmlu,2376,content_raw,longest_wrong,0.27904,0.106902,17.2138,14.8569,19.6128,2.3779,0.0001,2.804960935436747e-43,above the floor,False,0.342172,0.0
qwen3_8b_base,k14,arc_easy,False,non_mmlu,2376,content_norm,longest_split,0.311448,0.237949,7.3499,5.2125,9.5174,2.1525,0.0001,,above the floor,False,0.278199,0.0
qwen3_8b_base,k14,arc_easy,False,non_mmlu,2376,content_norm,longest_first,0.311448,0.239478,7.197,4.7138,9.6801,2.4832,0.0001,2.2347754002385758e-08,above the floor,False,0.278199,0.0
qwen3_8b_base,k14,arc_easy,False,non_mmlu,2376,content_norm,longest_last,0.311448,0.234848,7.6599,5.303,10.0589,2.3779,0.0001,5.843460009028662e-10,above the floor,False,0.278199,0.0
qwen3_8b_base,k14,arc_easy,False,non_mmlu,2376,content_norm,longest_credit,0.311448,0.503367,-19.1919,-21.8434,-16.5404,2.6515,0.0001,1.6081725651914815e-43,BELOW the floor,False,0.278199,0.0
qwen3_8b_base,k14,arc_easy,False,non_mmlu,2376,content_norm,longest_wrong,0.311448,0.106902,20.4545,18.3081,22.601,2.1465,0.0001,9.205190363788182e-72,above the floor,False,0.278199,0.0
qwen3_8b_base,k14,openbookqa,False,non_mmlu,500,letter,best_constant_A,0.276,0.276,0.0,-0.6,0.6,0.6,0.9831000000000001,1.0,AT the floor (n.s.),True,0.992,0.0
qwen3_8b_base,k14,openbookqa,False,non_mmlu,500,content_raw,longest_split,0.156,0.3685,-21.25,-26.5,-15.9163,5.2919,0.0001,,BELOW the floor,False,0.266,0.0
qwen3_8b_base,k14,openbookqa,False,non_mmlu,500,content_raw,longest_first,0.156,0.384,-22.8,-28.6,-16.8,5.9,0.0001,1.6814662885654307e-13,BELOW the floor,False,0.266,0.0
qwen3_8b_base,k14,openbookqa,False,non_mmlu,500,content_raw,longest_last,0.156,0.362,-20.6,-26.4,-14.8,5.8,0.0001,1.6626497033814877e-11,BELOW the floor,False,0.266,0.0
qwen3_8b_base,k14,openbookqa,False,non_mmlu,500,content_raw,longest_credit,0.156,0.64,-48.4,-54.0,-42.6,5.7,0.0001,6.082991918295617e-45,BELOW the floor,False,0.266,0.0
qwen3_8b_base,k14,openbookqa,False,non_mmlu,500,content_raw,longest_wrong,0.156,0.23,-7.4,-12.8,-1.8,5.5,0.0069,0.009382073714845233,BELOW the floor,False,0.266,0.0
qwen3_8b_base,k14,openbookqa,False,non_mmlu,500,content_norm,longest_split,0.262,0.3685,-10.65,-15.2667,-6.0833,4.5917,0.0001,,BELOW the floor,False,0.276,0.0
qwen3_8b_base,k14,openbookqa,False,non_mmlu,500,content_norm,longest_first,0.262,0.384,-12.2,-17.6,-7.0,5.3,0.0001,7.655797273792359e-06,BELOW the floor,False,0.276,0.0
qwen3_8b_base,k14,openbookqa,False,non_mmlu,500,content_norm,longest_last,0.262,0.362,-10.0,-15.2,-4.8,5.2,0.0002,0.0002592477182360027,BELOW the floor,False,0.276,0.0
qwen3_8b_base,k14,openbookqa,False,non_mmlu,500,content_norm,longest_credit,0.262,0.64,-37.8,-42.8,-32.8,5.0,0.0001,3.368925515565483e-38,BELOW the floor,False,0.276,0.0
qwen3_8b_base,k14,openbookqa,False,non_mmlu,500,content_norm,longest_wrong,0.262,0.23,3.2,-1.8,8.2,5.0,0.19380000000000003,0.2326349890040534,AT the floor (n.s.),False,0.276,0.0
qwen3_8b_base,k14,commonsense_qa,False,non_mmlu,1221,letter,best_constant_B,0.195741,0.208845,-1.3104,-4.914,2.2113,3.5627,0.4675,0.49979040092666926,AT the floor (n.s.),False,0.972973,0.003276
qwen3_8b_base,k14,commonsense_qa,False,non_mmlu,1221,content_raw,longest_split,0.178542,0.201775,-2.3232,-5.3823,0.7535,3.0679,0.1416,,AT the floor (n.s.),False,0.224406,0.004095
qwen3_8b_base,k14,commonsense_qa,False,non_mmlu,1221,content_raw,longest_first,0.178542,0.208026,-2.9484,-6.3882,0.6552,3.5217,0.10289999999999999,0.10409586172422156,AT the floor (n.s.),False,0.224406,0.004095
qwen3_8b_base,k14,commonsense_qa,False,non_mmlu,1221,content_raw,longest_last,0.178542,0.20475,-2.6208,-5.9787,0.7371,3.3579,0.1225,0.14204743826893362,AT the floor (n.s.),False,0.224406,0.004095
qwen3_8b_base,k14,commonsense_qa,False,non_mmlu,1221,content_raw,longest_credit,0.178542,0.43407,-25.5528,-29.4861,-21.5397,3.9732,0.0001,4.509461884994653e-33,BELOW the floor,False,0.224406,0.004095
qwen3_8b_base,k14,commonsense_qa,False,non_mmlu,1221,content_raw,longest_wrong,0.178542,0.092547,8.5995,5.733,11.5479,2.9075,0.0001,8.231068523428008e-09,above the floor,False,0.224406,0.004095
qwen3_8b_base,k14,commonsense_qa,False,non_mmlu,1221,content_norm,longest_split,0.25389,0.201775,5.2116,2.6575,7.7997,2.5711,0.0001,,above the floor,False,0.217854,0.006552
qwen3_8b_base,k14,commonsense_qa,False,non_mmlu,1221,content_norm,longest_first,0.25389,0.208026,4.5864,1.638,7.5348,2.9484,0.0018,0.003052686574896624,above the floor,False,0.217854,0.006552
qwen3_8b_base,k14,commonsense_qa,False,non_mmlu,1221,content_norm,longest_last,0.25389,0.20475,4.914,2.0475,7.8624,2.9075,0.0011,0.0012121247786822987,above the floor,False,0.217854,0.006552
qwen3_8b_base,k14,commonsense_qa,False,non_mmlu,1221,content_norm,longest_credit,0.25389,0.43407,-18.018,-21.2121,-14.742,3.2351,0.0001,2.017619030742577e-25,BELOW the floor,False,0.217854,0.006552
qwen3_8b_base,k14,commonsense_qa,False,non_mmlu,1221,content_norm,longest_wrong,0.25389,0.092547,16.1343,13.5135,18.837,2.6618,0.0001,9.474637545299005e-32,above the floor,False,0.217854,0.006552
qwen3_8b_base,k14,piqa,False,non_mmlu,1838,letter,best_constant_B,0.498368,0.504897,-0.6529,-5.1687,4.0261,4.5974,0.7677,0.7969717493120954,AT the floor (n.s.),False,0.994559,0.0
qwen3_8b_base,k14,piqa,False,non_mmlu,1838,content_raw,longest_split,0.571817,0.466268,10.555,6.8281,14.173,3.6725,0.0001,,above the floor,False,0.504353,0.0
qwen3_8b_base,k14,piqa,False,non_mmlu,1838,content_raw,longest_first,0.571817,0.471708,10.0109,5.9848,13.9282,3.9717,0.0001,7.513189535824762e-07,above the floor,False,0.504353,0.0
qwen3_8b_base,k14,piqa,False,non_mmlu,1838,content_raw,longest_last,0.571817,0.460827,11.099,7.0729,15.0163,3.9717,0.0001,3.747408575068199e-08,above the floor,False,0.504353,0.0
qwen3_8b_base,k14,piqa,False,non_mmlu,1838,content_raw,longest_credit,0.571817,0.677367,-10.555,-14.4192,-6.6921,3.8636,0.0001,8.79542260125119e-08,BELOW the floor,False,0.504353,0.0
qwen3_8b_base,k14,piqa,False,non_mmlu,1838,content_raw,longest_wrong,0.571817,0.255169,31.6649,27.7476,35.4203,3.8364,0.0001,1.0486033530462156e-54,above the floor,False,0.504353,0.0
qwen3_8b_base,k14,piqa,False,non_mmlu,1838,content_norm,longest_split,0.550598,0.466268,8.4331,5.5495,11.2078,2.8292,0.0001,,above the floor,False,0.501632,0.0
qwen3_8b_base,k14,piqa,False,non_mmlu,1838,content_norm,longest_first,0.550598,0.471708,7.889,4.6246,11.0446,3.21,0.0001,1.5722742962325513e-06,above the floor,False,0.501632,0.0
qwen3_8b_base,k14,piqa,False,non_mmlu,1838,content_norm,longest_last,0.550598,0.460827,8.9771,5.7127,12.1872,3.2372,0.0001,4.002839267214998e-08,above the floor,False,0.501632,0.0
qwen3_8b_base,k14,piqa,False,non_mmlu,1838,content_norm,longest_credit,0.550598,0.677367,-12.6768,-15.778,-9.6844,3.0468,0.0001,6.967216403078451e-16,BELOW the floor,False,0.501632,0.0
qwen3_8b_base,k14,piqa,False,non_mmlu,1838,content_norm,longest_wrong,0.550598,0.255169,29.543,26.4418,32.5354,3.0468,0.0001,2.4154886519717943e-72,above the floor,False,0.501632,0.0
qwen3_8b_base,k14,winogrande,True,non_mmlu,1267,letter,best_constant_B,0.49487,0.504341,-0.9471,-6.5509,4.4988,5.5249,0.7331,0.757217879958312,AT the floor (n.s.),False,0.999211,0.0
qwen3_8b_base,k14,winogrande,True,non_mmlu,1267,content_raw,longest_split,0.495659,0.501184,-0.5525,-3.8674,2.7634,3.3154,0.7536999999999999,,AT the floor (n.s.),False,0.514601,0.0
qwen3_8b_base,k14,winogrande,True,non_mmlu,1267,content_raw,longest_first,0.495659,0.494081,0.1579,-4.0253,4.4199,4.2226,0.9306,0.9704790791421422,AT the floor (n.s.),False,0.514601,0.0
qwen3_8b_base,k14,winogrande,True,non_mmlu,1267,content_raw,longest_last,0.495659,0.508287,-1.2628,-5.5249,2.8414,4.1831,0.5531,0.5724228059492048,AT the floor (n.s.),False,0.514601,0.0
qwen3_8b_base,k14,winogrande,True,non_mmlu,1267,content_raw,longest_credit,0.495659,0.933702,-43.8043,-47.277,-40.3315,3.4728,0.0001,1.5309041183868528e-106,BELOW the floor,False,0.514601,0.0
qwen3_8b_base,k14,winogrande,True,non_mmlu,1267,content_raw,longest_wrong,0.495659,0.068666,42.6993,39.2265,46.1721,3.4728,0.0001,2.4593697931038874e-102,above the floor,False,0.514601,0.0
qwen3_8b_base,k14,winogrande,True,non_mmlu,1267,content_norm,longest_split,0.495659,0.501184,-0.5525,-3.3149,2.131,2.723,0.6909,,AT the floor (n.s.),False,0.50513,0.0
qwen3_8b_base,k14,winogrande,True,non_mmlu,1267,content_norm,longest_first,0.495659,0.494081,0.1579,-3.6306,4.0253,3.8279,0.9275,0.9671655283228598,AT the floor (n.s.),False,0.50513,0.0
qwen3_8b_base,k14,winogrande,True,non_mmlu,1267,content_norm,longest_last,0.495659,0.508287,-1.2628,-4.9724,2.3678,3.6701,0.5025000000000001,0.5284061841416563,AT the floor (n.s.),False,0.50513,0.0
qwen3_8b_base,k14,winogrande,True,non_mmlu,1267,content_norm,longest_credit,0.495659,0.933702,-43.8043,-46.7245,-40.9629,2.8808,0.0001,3.32625785423828e-148,BELOW the floor,False,0.50513,0.0
qwen3_8b_base,k14,winogrande,True,non_mmlu,1267,content_norm,longest_wrong,0.495659,0.068666,42.6993,39.779,45.6196,2.9203,0.0001,3.479561135701835e-142,above the floor,False,0.50513,0.0
qwen3_8b_base,k12,arc_challenge,False,non_mmlu,1172,letter,best_constant_B,0.226962,0.265358,-3.8396,-7.7645,0.0853,3.9249,0.055,0.06689662770908494,AT the floor (n.s.),False,0.999147,0.0
qwen3_8b_base,k12,arc_challenge,False,non_mmlu,1172,content_raw,longest_split,0.21843,0.282338,-6.3908,-9.9317,-2.8456,3.5431,0.0002,,BELOW the floor,False,0.358362,0.000853
qwen3_8b_base,k12,arc_challenge,False,non_mmlu,1172,content_raw,longest_first,0.21843,0.267065,-4.8635,-8.7031,-0.9386,3.8823,0.0155,0.015978190746441065,BELOW the floor,False,0.358362,0.000853
qwen3_8b_base,k12,arc_challenge,False,non_mmlu,1172,content_raw,longest_last,0.21843,0.296075,-7.7645,-11.7747,-3.7543,4.0102,0.0001,0.0001565912771633091,BELOW the floor,False,0.358362,0.000853
qwen3_8b_base,k12,arc_challenge,False,non_mmlu,1172,content_raw,longest_credit,0.21843,0.526451,-30.802,-34.9829,-26.6212,4.1809,0.0001,1.4873066809101671e-40,BELOW the floor,False,0.358362,0.000853
qwen3_8b_base,k12,arc_challenge,False,non_mmlu,1172,content_raw,longest_wrong,0.21843,0.143345,7.5085,4.0102,11.0068,3.4983,0.0002,2.242135107250893e-05,above the floor,False,0.358362,0.000853
qwen3_8b_base,k12,arc_challenge,False,non_mmlu,1172,content_norm,longest_split,0.254266,0.282338,-2.8072,-5.8021,0.2119,3.007,0.0668,,AT the floor (n.s.),False,0.289249,0.0
qwen3_8b_base,k12,arc_challenge,False,non_mmlu,1172,content_norm,longest_first,0.254266,0.267065,-1.2799,-4.6928,2.1331,3.413,0.4645,0.5011217787133255,AT the floor (n.s.),False,0.289249,0.0
qwen3_8b_base,k12,arc_challenge,False,non_mmlu,1172,content_norm,longest_last,0.254266,0.296075,-4.1809,-7.5939,-0.8532,3.3703,0.016900000000000002,0.018922172071881942,BELOW the floor,False,0.289249,0.0
qwen3_8b_base,k12,arc_challenge,False,non_mmlu,1172,content_norm,longest_credit,0.254266,0.526451,-27.2184,-30.802,-23.6348,3.5836,0.0001,1.6060549751807515e-43,BELOW the floor,False,0.289249,0.0
qwen3_8b_base,k12,arc_challenge,False,non_mmlu,1172,content_norm,longest_wrong,0.254266,0.143345,11.0922,8.0205,14.1638,3.0717,0.0001,4.080978237896879e-12,above the floor,False,0.289249,0.0
qwen3_8b_base,k12,arc_easy,False,non_mmlu,2376,letter,best_constant_C,0.250421,0.266414,-1.5993,-4.3771,1.3047,2.8409,0.2811,0.29063942212969884,AT the floor (n.s.),False,0.998316,0.0
qwen3_8b_base,k12,arc_easy,False,non_mmlu,2376,content_raw,longest_split,0.261364,0.237949,2.3415,-0.1452,4.8268,2.486,0.0666,,AT the floor (n.s.),False,0.332071,0.0
qwen3_8b_base,k12,arc_easy,False,non_mmlu,2376,content_raw,longest_first,0.261364,0.239478,2.1886,-0.5471,4.9663,2.7567,0.1271,0.12408118147680898,AT the floor (n.s.),False,0.332071,0.0
qwen3_8b_base,k12,arc_easy,False,non_mmlu,2376,content_raw,longest_last,0.261364,0.234848,2.6515,-0.0842,5.3872,2.7357,0.059500000000000004,0.05740325508449752,AT the floor (n.s.),False,0.332071,0.0
qwen3_8b_base,k12,arc_easy,False,non_mmlu,2376,content_raw,longest_credit,0.261364,0.503367,-24.2003,-27.3148,-21.1279,3.0934,0.0001,9.70647254993982e-52,BELOW the floor,False,0.332071,0.0
qwen3_8b_base,k12,arc_easy,False,non_mmlu,2376,content_raw,longest_wrong,0.261364,0.106902,15.4461,13.0892,17.803,2.3569,0.0001,1.5111669106091642e-36,above the floor,False,0.332071,0.0
qwen3_8b_base,k12,arc_easy,False,non_mmlu,2376,content_norm,longest_split,0.286195,0.237949,4.8246,2.749,6.9466,2.0988,0.0001,,above the floor,False,0.290825,0.0
qwen3_8b_base,k12,arc_easy,False,non_mmlu,2376,content_norm,longest_first,0.286195,0.239478,4.6717,2.2727,7.1549,2.4411,0.0002,0.00015958328070200434,above the floor,False,0.290825,0.0
qwen3_8b_base,k12,arc_easy,False,non_mmlu,2376,content_norm,longest_last,0.286195,0.234848,5.1347,2.7778,7.4916,2.3569,0.0001,2.1022049834739938e-05,above the floor,False,0.290825,0.0
qwen3_8b_base,k12,arc_easy,False,non_mmlu,2376,content_norm,longest_credit,0.286195,0.503367,-21.7172,-24.3687,-19.1077,2.6305,0.0001,6.512277656518352e-57,BELOW the floor,False,0.290825,0.0
qwen3_8b_base,k12,arc_easy,False,non_mmlu,2376,content_norm,longest_wrong,0.286195,0.106902,17.9293,15.908,20.0758,2.0839,0.0001,2.127800887623433e-60,above the floor,False,0.290825,0.0
qwen3_8b_base,k12,openbookqa,False,non_mmlu,500,letter,best_constant_A,0.276,0.276,0.0,-0.6,0.6,0.6,0.9992000000000001,1.0,AT the floor (n.s.),True,0.988,0.0
qwen3_8b_base,k12,openbookqa,False,non_mmlu,500,content_raw,longest_split,0.172,0.3685,-19.65,-25.0167,-14.2167,5.4,0.0001,,BELOW the floor,False,0.27,0.002
qwen3_8b_base,k12,openbookqa,False,non_mmlu,500,content_raw,longest_first,0.172,0.384,-21.2,-27.2,-15.2,6.0,0.0001,1.889421734371483e-11,BELOW the floor,False,0.27,0.002
qwen3_8b_base,k12,openbookqa,False,non_mmlu,500,content_raw,longest_last,0.172,0.362,-19.0,-24.8,-13.0,5.9,0.0001,1.1929632488849295e-09,BELOW the floor,False,0.27,0.002
qwen3_8b_base,k12,openbookqa,False,non_mmlu,500,content_raw,longest_credit,0.172,0.64,-46.8,-52.6,-41.0,5.8,0.0001,1.882944198909112e-41,BELOW the floor,False,0.27,0.002
qwen3_8b_base,k12,openbookqa,False,non_mmlu,500,content_raw,longest_wrong,0.172,0.23,-5.8,-11.205,-0.2,5.5025,0.041,0.048001466053831154,BELOW the floor,False,0.27,0.002
qwen3_8b_base,k12,openbookqa,False,non_mmlu,500,content_norm,longest_split,0.254,0.3685,-11.45,-15.9333,-6.8333,4.55,0.0001,,BELOW the floor,False,0.274,0.0
qwen3_8b_base,k12,openbookqa,False,non_mmlu,500,content_norm,longest_first,0.254,0.384,-13.0,-18.2,-7.8,5.2,0.0001,2.2931910535192523e-06,BELOW the floor,False,0.274,0.0
qwen3_8b_base,k12,openbookqa,False,non_mmlu,500,content_norm,longest_last,0.254,0.362,-10.8,-16.0,-5.6,5.2,0.0001,6.950540596854628e-05,BELOW the floor,False,0.274,0.0
qwen3_8b_base,k12,openbookqa,False,non_mmlu,500,content_norm,longest_credit,0.254,0.64,-38.6,-43.6,-33.6,5.0,0.0001,1.2514887207901345e-39,BELOW the floor,False,0.274,0.0
qwen3_8b_base,k12,openbookqa,False,non_mmlu,500,content_norm,longest_wrong,0.254,0.23,2.4,-2.405,7.4,4.9025,0.32730000000000004,0.3785370170481158,AT the floor (n.s.),False,0.274,0.0
qwen3_8b_base,k12,commonsense_qa,False,non_mmlu,1221,letter,best_constant_B,0.192465,0.208845,-1.638,-5.2416,1.8837,3.5627,0.37,0.39073032965497473,AT the floor (n.s.),False,0.888616,0.003276
qwen3_8b_base,k12,commonsense_qa,False,non_mmlu,1221,content_raw,longest_split,0.183456,0.201775,-1.8318,-4.9086,1.1725,3.0406,0.2402,,AT the floor (n.s.),False,0.213759,0.004914
qwen3_8b_base,k12,commonsense_qa,False,non_mmlu,1221,content_raw,longest_first,0.183456,0.208026,-2.457,-5.8968,0.9828,3.4398,0.1609,0.1772080726522648,AT the floor (n.s.),False,0.213759,0.004914
qwen3_8b_base,k12,commonsense_qa,False,non_mmlu,1221,content_raw,longest_last,0.183456,0.20475,-2.1294,-5.5692,1.2285,3.3989,0.2162,0.24063994806094313,AT the floor (n.s.),False,0.213759,0.004914
qwen3_8b_base,k12,commonsense_qa,False,non_mmlu,1221,content_raw,longest_credit,0.183456,0.43407,-25.0614,-28.9107,-21.1302,3.8903,0.0001,1.0934842253684457e-32,BELOW the floor,False,0.213759,0.004914
qwen3_8b_base,k12,commonsense_qa,False,non_mmlu,1221,content_raw,longest_wrong,0.183456,0.092547,9.0909,6.2224,11.9574,2.8675,0.0001,1.3227479666919017e-09,above the floor,False,0.213759,0.004914
qwen3_8b_base,k12,commonsense_qa,False,non_mmlu,1221,content_norm,longest_split,0.252252,0.201775,5.0478,2.4992,7.6659,2.5833,0.0001,,above the floor,False,0.206388,0.005733
qwen3_8b_base,k12,commonsense_qa,False,non_mmlu,1221,content_norm,longest_first,0.252252,0.208026,4.4226,1.4742,7.4529,2.9894,0.0012000000000000001,0.004899614217140173,above the floor,False,0.206388,0.005733
qwen3_8b_base,k12,commonsense_qa,False,non_mmlu,1221,content_norm,longest_last,0.252252,0.20475,4.7502,1.8018,7.7805,2.9894,0.001,0.0021363503678327915,above the floor,False,0.206388,0.005733
qwen3_8b_base,k12,commonsense_qa,False,non_mmlu,1221,content_norm,longest_credit,0.252252,0.43407,-18.1818,-21.4578,-14.8239,3.317,0.0001,7.057732496782196e-26,BELOW the floor,False,0.206388,0.005733
qwen3_8b_base,k12,commonsense_qa,False,non_mmlu,1221,content_norm,longest_wrong,0.252252,0.092547,15.9705,13.3497,18.6732,2.6618,0.0001,7.469356796776786e-31,above the floor,False,0.206388,0.005733
qwen3_8b_base,k12,piqa,False,non_mmlu,1838,letter,best_constant_B,0.495647,0.504897,-0.9249,-5.4951,3.7541,4.6246,0.6862,0.708931289712314,AT the floor (n.s.),False,0.999456,0.000544
qwen3_8b_base,k12,piqa,False,non_mmlu,1838,content_raw,longest_split,0.5642,0.466268,9.7933,6.0664,13.3841,3.6589,0.0001,,above the floor,False,0.504353,0.0
qwen3_8b_base,k12,piqa,False,non_mmlu,1838,content_raw,longest_first,0.5642,0.471708,9.2492,5.2775,13.1121,3.9173,0.0001,5.000879541262084e-06,above the floor,False,0.504353,0.0
qwen3_8b_base,k12,piqa,False,non_mmlu,1838,content_raw,longest_last,0.5642,0.460827,10.3373,6.3112,14.2546,3.9717,0.0001,3.548758378680306e-07,above the floor,False,0.504353,0.0
qwen3_8b_base,k12,piqa,False,non_mmlu,1838,content_raw,longest_credit,0.5642,0.677367,-11.3166,-15.2884,-7.5068,3.8908,0.0001,1.1082500064347967e-08,BELOW the floor,False,0.504353,0.0
qwen3_8b_base,k12,piqa,False,non_mmlu,1838,content_raw,longest_wrong,0.5642,0.255169,30.9032,27.0403,34.6028,3.7813,0.0001,6.840806750140842e-52,above the floor,False,0.504353,0.0
qwen3_8b_base,k12,piqa,False,non_mmlu,1838,content_norm,longest_split,0.54951,0.466268,8.3243,5.5223,11.0718,2.7748,0.0001,,above the floor,False,0.509249,0.0
qwen3_8b_base,k12,piqa,False,non_mmlu,1838,content_norm,longest_first,0.54951,0.471708,7.7802,4.6232,10.827,3.1019,0.0001,1.504388433864109e-06,above the floor,False,0.509249,0.0
qwen3_8b_base,k12,piqa,False,non_mmlu,1838,content_norm,longest_last,0.54951,0.460827,8.8683,5.7127,12.0239,3.1556,0.0001,4.585060177384849e-08,above the floor,False,0.509249,0.0
qwen3_8b_base,k12,piqa,False,non_mmlu,1838,content_norm,longest_credit,0.54951,0.677367,-12.7856,-15.8324,-9.8477,2.9924,0.0001,1.8243891192171478e-16,BELOW the floor,False,0.509249,0.0
qwen3_8b_base,k12,piqa,False,non_mmlu,1838,content_norm,longest_wrong,0.54951,0.255169,29.4342,26.3874,32.4266,3.0196,0.0001,7.981375060617405e-74,above the floor,False,0.509249,0.0
qwen3_8b_base,k12,winogrande,True,non_mmlu,1267,letter,best_constant_B,0.495659,0.504341,-0.8682,-6.5509,4.6567,5.6038,0.754,0.7787704259270514,AT the floor (n.s.),False,1.0,0.0
qwen3_8b_base,k12,winogrande,True,non_mmlu,1267,content_raw,longest_split,0.486977,0.501184,-1.4207,-4.7356,1.8153,3.2755,0.3937,,AT the floor (n.s.),False,0.506709,0.000789
qwen3_8b_base,k12,winogrande,True,non_mmlu,1267,content_raw,longest_first,0.486977,0.494081,-0.7103,-4.8145,3.4728,4.1436,0.7375999999999999,0.762886005228305,AT the floor (n.s.),False,0.506709,0.000789
qwen3_8b_base,k12,winogrande,True,non_mmlu,1267,content_raw,longest_last,0.486977,0.508287,-2.131,-6.3931,1.9732,4.1831,0.3139,0.3342403440673665,AT the floor (n.s.),False,0.506709,0.000789
qwen3_8b_base,k12,winogrande,True,non_mmlu,1267,content_raw,longest_credit,0.486977,0.933702,-44.6725,-48.0663,-41.2786,3.3938,0.0001,4.671415339753552e-110,BELOW the floor,False,0.506709,0.000789
qwen3_8b_base,k12,winogrande,True,non_mmlu,1267,content_raw,longest_wrong,0.486977,0.068666,41.8311,38.4373,45.2249,3.3938,0.0001,2.2291983363944164e-100,above the floor,False,0.506709,0.000789
qwen3_8b_base,k12,winogrande,True,non_mmlu,1267,content_norm,longest_split,0.48382,0.501184,-1.7364,-4.5393,0.9866,2.7629,0.2089,,AT the floor (n.s.),False,0.513023,0.000789
qwen3_8b_base,k12,winogrande,True,non_mmlu,1267,content_norm,longest_first,0.48382,0.494081,-1.026,-4.8145,2.6835,3.749,0.5894,0.6168075008490633,AT the floor (n.s.),False,0.513023,0.000789
qwen3_8b_base,k12,winogrande,True,non_mmlu,1267,content_norm,longest_last,0.48382,0.508287,-2.4467,-6.3141,1.3418,3.8279,0.2036,0.21948264279100135,AT the floor (n.s.),False,0.513023,0.000789
qwen3_8b_base,k12,winogrande,True,non_mmlu,1267,content_norm,longest_credit,0.48382,0.933702,-44.9882,-48.0663,-42.1468,2.9597,0.0001,1.4406353531234138e-150,BELOW the floor,False,0.513023,0.000789
qwen3_8b_base,k12,winogrande,True,non_mmlu,1267,content_norm,longest_wrong,0.48382,0.068666,41.5154,38.5951,44.4357,2.9203,0.0001,1.354814144465218e-132,above the floor,False,0.513023,0.000789
qwen3_8b_base,k10,arc_challenge,False,non_mmlu,1172,letter,best_constant_B,0.226962,0.265358,-3.8396,-7.7645,0.0853,3.9249,0.055,0.06689662770908494,AT the floor (n.s.),False,1.0,0.0
qwen3_8b_base,k10,arc_challenge,False,non_mmlu,1172,content_raw,longest_split,0.228669,0.282338,-5.3669,-8.9292,-1.7477,3.5907,0.0048,,BELOW the floor,False,0.350683,0.000853
qwen3_8b_base,k10,arc_challenge,False,non_mmlu,1172,content_raw,longest_first,0.228669,0.267065,-3.8396,-7.7645,0.0853,3.9249,0.055099999999999996,0.059831519950000196,AT the floor (n.s.),False,0.350683,0.000853
qwen3_8b_base,k10,arc_challenge,False,non_mmlu,1172,content_raw,longest_last,0.228669,0.296075,-6.7406,-10.7509,-2.6451,4.0529,0.001,0.001170247727660166,BELOW the floor,False,0.350683,0.000853
qwen3_8b_base,k10,arc_challenge,False,non_mmlu,1172,content_raw,longest_credit,0.228669,0.526451,-29.7782,-34.0444,-25.5119,4.2662,0.0001,5.222837644816026e-38,BELOW the floor,False,0.350683,0.000853
qwen3_8b_base,k10,arc_challenge,False,non_mmlu,1172,content_raw,longest_wrong,0.228669,0.143345,8.5324,5.1195,12.0307,3.4556,0.0001,1.8220069399534476e-06,above the floor,False,0.350683,0.000853
qwen3_8b_base,k10,arc_challenge,False,non_mmlu,1172,content_norm,longest_split,0.249147,0.282338,-3.3191,-6.2571,-0.4023,2.9274,0.026,,BELOW the floor,False,0.269625,0.0
qwen3_8b_base,k10,arc_challenge,False,non_mmlu,1172,content_norm,longest_first,0.249147,0.267065,-1.7918,-5.1195,1.5358,3.3276,0.2933,0.3262212348532115,AT the floor (n.s.),False,0.269625,0.0
qwen3_8b_base,k10,arc_challenge,False,non_mmlu,1172,content_norm,longest_last,0.249147,0.296075,-4.6928,-8.1058,-1.2799,3.413,0.0066,0.007654646390093704,BELOW the floor,False,0.269625,0.0
qwen3_8b_base,k10,arc_challenge,False,non_mmlu,1172,content_norm,longest_credit,0.249147,0.526451,-27.7304,-31.2287,-24.2321,3.4983,0.0001,1.8170655638396725e-47,BELOW the floor,False,0.269625,0.0
qwen3_8b_base,k10,arc_challenge,False,non_mmlu,1172,content_norm,longest_wrong,0.249147,0.143345,10.5802,7.5939,13.6519,3.029,0.0001,2.6686389849178482e-11,above the floor,False,0.269625,0.0
qwen3_8b_base,k10,arc_easy,False,non_mmlu,2376,letter,best_constant_C,0.250421,0.266414,-1.5993,-4.3771,1.3047,2.8409,0.2795,0.29103267291241636,AT the floor (n.s.),False,0.999158,0.0
qwen3_8b_base,k10,arc_easy,False,non_mmlu,2376,content_raw,longest_split,0.269781,0.237949,3.1832,0.6951,5.6559,2.4804,0.0104,,above the floor,False,0.340909,0.0
qwen3_8b_base,k10,arc_easy,False,non_mmlu,2376,content_raw,longest_first,0.269781,0.239478,3.0303,0.2946,5.766,2.7357,0.027,0.0320919015358653,above the floor,False,0.340909,0.0
qwen3_8b_base,k10,arc_easy,False,non_mmlu,2376,content_raw,longest_last,0.269781,0.234848,3.4933,0.7155,6.229,2.7567,0.0125,0.013427420606414678,above the floor,False,0.340909,0.0
qwen3_8b_base,k10,arc_easy,False,non_mmlu,2376,content_raw,longest_credit,0.269781,0.503367,-23.3586,-26.3889,-20.3283,3.0303,0.0001,7.753813439006327e-48,BELOW the floor,False,0.340909,0.0
qwen3_8b_base,k10,arc_easy,False,non_mmlu,2376,content_raw,longest_wrong,0.269781,0.106902,16.2879,13.8889,18.6027,2.3569,0.0001,1.7576948870018813e-39,above the floor,False,0.340909,0.0
qwen3_8b_base,k10,arc_easy,False,non_mmlu,2376,content_norm,longest_split,0.291246,0.237949,5.3297,3.2343,7.4411,2.1034,0.0001,,above the floor,False,0.287879,0.0
qwen3_8b_base,k10,arc_easy,False,non_mmlu,2376,content_norm,longest_first,0.291246,0.239478,5.1768,2.7778,7.5758,2.399,0.0001,2.5664587300772403e-05,above the floor,False,0.287879,0.0
qwen3_8b_base,k10,arc_easy,False,non_mmlu,2376,content_norm,longest_last,0.291246,0.234848,5.6397,3.3249,7.9966,2.3359,0.0001,3.6279499268067947e-06,above the floor,False,0.287879,0.0
qwen3_8b_base,k10,arc_easy,False,non_mmlu,2376,content_norm,longest_credit,0.291246,0.503367,-21.2121,-23.7795,-18.6027,2.5884,0.0001,2.859321332648388e-54,BELOW the floor,False,0.287879,0.0
qwen3_8b_base,k10,arc_easy,False,non_mmlu,2376,content_norm,longest_wrong,0.291246,0.106902,18.4343,16.33,20.5808,2.1254,0.0001,1.196873380280665e-62,above the floor,False,0.287879,0.0
qwen3_8b_base,k10,openbookqa,False,non_mmlu,500,letter,best_constant_A,0.276,0.276,0.0,0.0,0.0,0.0,1.0,1.0,AT the floor (n.s.),True,1.0,0.0
qwen3_8b_base,k10,openbookqa,False,non_mmlu,500,content_raw,longest_split,0.16,0.3685,-20.85,-26.1,-15.5667,5.2667,0.0001,,BELOW the floor,False,0.272,0.0
qwen3_8b_base,k10,openbookqa,False,non_mmlu,500,content_raw,longest_first,0.16,0.384,-22.4,-28.2,-16.6,5.8,0.0001,9.185033636253611e-13,BELOW the floor,False,0.272,0.0
qwen3_8b_base,k10,openbookqa,False,non_mmlu,500,content_raw,longest_last,0.16,0.362,-20.2,-26.0,-14.4,5.8,0.0001,1.0959079287885995e-10,BELOW the floor,False,0.272,0.0
qwen3_8b_base,k10,openbookqa,False,non_mmlu,500,content_raw,longest_credit,0.16,0.64,-48.0,-53.6,-42.2,5.7,0.0001,3.958784268833499e-44,BELOW the floor,False,0.272,0.0
qwen3_8b_base,k10,openbookqa,False,non_mmlu,500,content_raw,longest_wrong,0.16,0.23,-7.0,-12.4,-1.6,5.4,0.0101,0.01468842721376678,BELOW the floor,False,0.272,0.0
qwen3_8b_base,k10,openbookqa,False,non_mmlu,500,content_norm,longest_split,0.268,0.3685,-10.05,-14.8,-5.2833,4.7583,0.0001,,BELOW the floor,False,0.274,0.0
qwen3_8b_base,k10,openbookqa,False,non_mmlu,500,content_norm,longest_first,0.268,0.384,-11.6,-17.2,-6.2,5.5,0.0001,4.972973479213167e-05,BELOW the floor,False,0.274,0.0
qwen3_8b_base,k10,openbookqa,False,non_mmlu,500,content_norm,longest_last,0.268,0.362,-9.4,-14.8,-4.0,5.4,0.0014,0.0009978236156942951,BELOW the floor,False,0.274,0.0
qwen3_8b_base,k10,openbookqa,False,non_mmlu,500,content_norm,longest_credit,0.268,0.64,-37.2,-42.4,-32.0,5.2,0.0001,6.540416671788228e-36,BELOW the floor,False,0.274,0.0
qwen3_8b_base,k10,openbookqa,False,non_mmlu,500,content_norm,longest_wrong,0.268,0.23,3.8,-1.4,9.0,5.2,0.1524,0.16597930888289736,AT the floor (n.s.),False,0.274,0.0
qwen3_8b_base,k10,commonsense_qa,False,non_mmlu,1221,letter,best_constant_B,0.198198,0.208845,-1.0647,-4.7502,2.5389,3.6446,0.5496,0.5896831559510125,AT the floor (n.s.),False,0.864865,0.001638
qwen3_8b_base,k10,commonsense_qa,False,non_mmlu,1221,content_raw,longest_split,0.179361,0.201775,-2.2413,-5.2962,0.8204,3.0583,0.1502,,AT the floor (n.s.),False,0.217854,0.004095
qwen3_8b_base,k10,commonsense_qa,False,non_mmlu,1221,content_raw,longest_first,0.179361,0.208026,-2.8665,-6.3882,0.5733,3.4808,0.1017,0.11398329644901276,AT the floor (n.s.),False,0.217854,0.004095
qwen3_8b_base,k10,commonsense_qa,False,non_mmlu,1221,content_raw,longest_last,0.179361,0.20475,-2.5389,-6.0606,0.9009,3.4808,0.1444,0.1631803101595291,AT the floor (n.s.),False,0.217854,0.004095
qwen3_8b_base,k10,commonsense_qa,False,non_mmlu,1221,content_raw,longest_credit,0.179361,0.43407,-25.4709,-29.484,-21.5397,3.9722,0.0001,4.180177179399453e-33,BELOW the floor,False,0.217854,0.004095
qwen3_8b_base,k10,commonsense_qa,False,non_mmlu,1221,content_raw,longest_wrong,0.179361,0.092547,8.6814,5.733,11.5479,2.9075,0.0001,6.210668807605326e-09,above the floor,False,0.217854,0.004095
qwen3_8b_base,k10,commonsense_qa,False,non_mmlu,1221,content_norm,longest_split,0.226863,0.201775,2.5089,-0.1447,5.0834,2.614,0.065,,AT the floor (n.s.),False,0.205569,0.004095
qwen3_8b_base,k10,commonsense_qa,False,non_mmlu,1221,content_norm,longest_first,0.226863,0.208026,1.8837,-1.2285,4.914,3.0713,0.22669999999999998,0.2481772137543353,AT the floor (n.s.),False,0.205569,0.004095
qwen3_8b_base,k10,commonsense_qa,False,non_mmlu,1221,content_norm,longest_last,0.226863,0.20475,2.2113,-0.819,5.2416,3.0303,0.1508,0.16751611656872378,AT the floor (n.s.),False,0.205569,0.004095
qwen3_8b_base,k10,commonsense_qa,False,non_mmlu,1221,content_norm,longest_credit,0.226863,0.43407,-20.7207,-24.1605,-17.3628,3.3989,0.0001,7.903231960879225e-31,BELOW the floor,False,0.205569,0.004095
qwen3_8b_base,k10,commonsense_qa,False,non_mmlu,1221,content_norm,longest_wrong,0.226863,0.092547,13.4316,10.7289,16.0524,2.6618,0.0001,1.3858095731078812e-22,above the floor,False,0.205569,0.004095
qwen3_8b_base,k10,piqa,False,non_mmlu,1838,letter,best_constant_B,0.494559,0.504897,-1.0337,-5.2775,3.3732,4.3254,0.6356,0.6560222536570868,AT the floor (n.s.),False,0.888466,0.004897
qwen3_8b_base,k10,piqa,False,non_mmlu,1838,content_raw,longest_split,0.559848,0.466268,9.358,5.6304,12.9489,3.6592,0.0001,,above the floor,False,0.514146,0.0
qwen3_8b_base,k10,piqa,False,non_mmlu,1838,content_raw,longest_first,0.559848,0.471708,8.8139,4.8966,12.6768,3.8901,0.0001,1.2575946557889535e-05,above the floor,False,0.514146,0.0
qwen3_8b_base,k10,piqa,False,non_mmlu,1838,content_raw,longest_last,0.559848,0.460827,9.9021,5.7127,13.8738,4.0805,0.0001,1.5920783311314788e-06,above the floor,False,0.514146,0.0
qwen3_8b_base,k10,piqa,False,non_mmlu,1838,content_raw,longest_credit,0.559848,0.677367,-11.7519,-15.7236,-7.9434,3.8901,0.0001,3.963670168753484e-09,BELOW the floor,False,0.514146,0.0
qwen3_8b_base,k10,piqa,False,non_mmlu,1838,content_raw,longest_wrong,0.559848,0.255169,30.4679,26.605,34.222,3.8085,0.0001,4.293008866274469e-50,above the floor,False,0.514146,0.0
qwen3_8b_base,k10,piqa,False,non_mmlu,1838,content_norm,longest_split,0.550054,0.466268,8.3787,5.5767,11.1534,2.7884,0.0001,,above the floor,False,0.513058,0.0
qwen3_8b_base,k10,piqa,False,non_mmlu,1838,content_norm,longest_first,0.550054,0.471708,7.8346,4.7334,10.9358,3.1012,0.0001,7.365432701013476e-07,above the floor,False,0.513058,0.0
qwen3_8b_base,k10,piqa,False,non_mmlu,1838,content_norm,longest_last,0.550054,0.460827,8.9227,5.7127,12.1872,3.2372,0.0001,5.276101804912071e-08,above the floor,False,0.513058,0.0
qwen3_8b_base,k10,piqa,False,non_mmlu,1838,content_norm,longest_credit,0.550054,0.677367,-12.7312,-15.778,-9.6844,3.0468,0.0001,2.159266531545326e-16,BELOW the floor,False,0.513058,0.0
qwen3_8b_base,k10,piqa,False,non_mmlu,1838,content_norm,longest_wrong,0.550054,0.255169,29.4886,26.4418,32.4266,2.9924,0.0001,1.8734900131010782e-75,above the floor,False,0.513058,0.0
qwen3_8b_base,k10,winogrande,True,non_mmlu,1267,letter,best_constant_B,0.495659,0.504341,-0.8682,-6.5509,4.6567,5.6038,0.754,0.7787704259270514,AT the floor (n.s.),False,1.0,0.0
qwen3_8b_base,k10,winogrande,True,non_mmlu,1267,content_raw,longest_split,0.502762,0.501184,0.1579,-3.0781,3.4333,3.2557,0.9175,,AT the floor (n.s.),False,0.520916,0.0
qwen3_8b_base,k10,winogrande,True,non_mmlu,1267,content_raw,longest_first,0.502762,0.494081,0.8682,-3.236,4.9724,4.1042,0.6715,0.7024312758120438,AT the floor (n.s.),False,0.520916,0.0
qwen3_8b_base,k10,winogrande,True,non_mmlu,1267,content_raw,longest_last,0.502762,0.508287,-0.5525,-4.8145,3.7096,4.262,0.7930999999999999,0.8267124186955902,AT the floor (n.s.),False,0.520916,0.0
qwen3_8b_base,k10,winogrande,True,non_mmlu,1267,content_raw,longest_credit,0.502762,0.933702,-43.0939,-46.4878,-39.7001,3.3938,0.0001,2.5677137157056493e-104,BELOW the floor,False,0.520916,0.0
qwen3_8b_base,k10,winogrande,True,non_mmlu,1267,content_raw,longest_wrong,0.502762,0.068666,43.4096,40.0158,46.8035,3.3938,0.0001,1.5109839715828778e-104,above the floor,False,0.520916,0.0
qwen3_8b_base,k10,winogrande,True,non_mmlu,1267,content_norm,longest_split,0.501184,0.501184,0.0,-2.6845,2.6046,2.6445,0.9924999999999999,,AT the floor (n.s.),False,0.528808,0.0
qwen3_8b_base,k10,winogrande,True,non_mmlu,1267,content_norm,longest_first,0.501184,0.494081,0.7103,-2.9203,4.341,3.6306,0.7071999999999999,0.7304422487421651,AT the floor (n.s.),False,0.528808,0.0
qwen3_8b_base,k10,winogrande,True,non_mmlu,1267,content_norm,longest_last,0.501184,0.508287,-0.7103,-4.6567,2.9992,3.8279,0.6977,0.7450251046188336,AT the floor (n.s.),False,0.528808,0.0
qwen3_8b_base,k10,winogrande,True,non_mmlu,1267,content_norm,longest_credit,0.501184,0.933702,-43.2518,-46.0931,-40.4893,2.8019,0.0001,1.874722917454094e-150,BELOW the floor,False,0.528808,0.0
qwen3_8b_base,k10,winogrande,True,non_mmlu,1267,content_norm,longest_wrong,0.501184,0.068666,43.2518,40.4104,46.0931,2.8414,0.0001,3.5893805763717177e-146,above the floor,False,0.528808,0.0
qwen3_8b_base,k8,arc_challenge,False,non_mmlu,1172,letter,best_constant_B,0.24744,0.265358,-1.7918,-4.1809,0.6826,2.4317,0.1511,0.17242848146661002,AT the floor (n.s.),False,0.627986,0.025597
qwen3_8b_base,k8,arc_challenge,False,non_mmlu,1172,content_raw,longest_split,0.214164,0.282338,-6.8174,-10.3057,-3.302,3.5018,0.0006,,BELOW the floor,False,0.366041,0.000853
qwen3_8b_base,k8,arc_challenge,False,non_mmlu,1172,content_raw,longest_first,0.214164,0.267065,-5.2901,-9.1297,-1.4505,3.8396,0.0074,0.007413433161370262,BELOW the floor,False,0.366041,0.000853
qwen3_8b_base,k8,arc_challenge,False,non_mmlu,1172,content_raw,longest_last,0.214164,0.296075,-8.1911,-12.116,-4.2662,3.9249,0.0001,6.092983375336425e-05,BELOW the floor,False,0.366041,0.000853
qwen3_8b_base,k8,arc_challenge,False,non_mmlu,1172,content_raw,longest_credit,0.214164,0.526451,-31.2287,-35.4949,-27.0478,4.2235,0.0001,2.4867734902490094e-42,BELOW the floor,False,0.366041,0.000853
qwen3_8b_base,k8,arc_challenge,False,non_mmlu,1172,content_raw,longest_wrong,0.214164,0.143345,7.0819,3.7543,10.4096,3.3276,0.0001,5.3981031683457565e-05,above the floor,False,0.366041,0.000853
qwen3_8b_base,k8,arc_challenge,False,non_mmlu,1172,content_norm,longest_split,0.245734,0.282338,-3.6604,-6.5416,-0.8247,2.8585,0.014,,BELOW the floor,False,0.285836,0.000853
qwen3_8b_base,k8,arc_challenge,False,non_mmlu,1172,content_norm,longest_first,0.245734,0.267065,-2.1331,-5.3754,1.1092,3.2423,0.2008,0.22242083104693833,AT the floor (n.s.),False,0.285836,0.000853
qwen3_8b_base,k8,arc_challenge,False,non_mmlu,1172,content_norm,longest_last,0.245734,0.296075,-5.0341,-8.3618,-1.7065,3.3276,0.0038,0.003808436492818694,BELOW the floor,False,0.285836,0.000853
qwen3_8b_base,k8,arc_challenge,False,non_mmlu,1172,content_norm,longest_credit,0.245734,0.526451,-28.0717,-31.4846,-24.6587,3.413,0.0001,1.5868488525558491e-49,BELOW the floor,False,0.285836,0.000853
qwen3_8b_base,k8,arc_challenge,False,non_mmlu,1172,content_norm,longest_wrong,0.245734,0.143345,10.2389,7.2526,13.3106,3.029,0.0001,4.038834704208178e-11,above the floor,False,0.285836,0.000853
qwen3_8b_base,k8,arc_easy,False,non_mmlu,2376,letter,best_constant_C,0.255051,0.266414,-1.1364,-4.0404,1.7256,2.883,0.4315,0.45199028185827483,AT the floor (n.s.),False,0.72601,0.017677
qwen3_8b_base,k8,arc_easy,False,non_mmlu,2376,content_raw,longest_split,0.257997,0.237949,2.0048,-0.4245,4.4354,2.4299,0.1072,,AT the floor (n.s.),False,0.334596,0.000421
qwen3_8b_base,k8,arc_easy,False,non_mmlu,2376,content_raw,longest_first,0.257997,0.239478,1.8519,-0.8418,4.5875,2.7146,0.18230000000000002,0.19151761018529964,AT the floor (n.s.),False,0.334596,0.000421
qwen3_8b_base,k8,arc_easy,False,non_mmlu,2376,content_raw,longest_last,0.257997,0.234848,2.3148,-0.3788,5.0505,2.7146,0.0944,0.10140507389473598,AT the floor (n.s.),False,0.334596,0.000421
qwen3_8b_base,k8,arc_easy,False,non_mmlu,2376,content_raw,longest_credit,0.257997,0.503367,-24.537,-27.6094,-21.4646,3.0724,0.0001,9.60426538490409e-53,BELOW the floor,False,0.334596,0.000421
qwen3_8b_base,k8,arc_easy,False,non_mmlu,2376,content_raw,longest_wrong,0.257997,0.106902,15.1094,12.7946,17.4242,2.3148,0.0001,2.5339116805621136e-35,above the floor,False,0.334596,0.000421
qwen3_8b_base,k8,arc_easy,False,non_mmlu,2376,content_norm,longest_split,0.255051,0.237949,1.7102,-0.3051,3.7059,2.0055,0.092,,AT the floor (n.s.),False,0.282828,0.000421
qwen3_8b_base,k8,arc_easy,False,non_mmlu,2376,content_norm,longest_first,0.255051,0.239478,1.5572,-0.7155,3.8721,2.2938,0.1819,0.20051046399321296,AT the floor (n.s.),False,0.282828,0.000421
qwen3_8b_base,k8,arc_easy,False,non_mmlu,2376,content_norm,longest_last,0.255051,0.234848,2.0202,-0.2525,4.335,2.2938,0.0833,0.08898969140800313,AT the floor (n.s.),False,0.282828,0.000421
qwen3_8b_base,k8,arc_easy,False,non_mmlu,2376,content_norm,longest_credit,0.255051,0.503367,-24.8316,-27.3148,-22.3064,2.5042,0.0001,1.0231935540199196e-76,BELOW the floor,False,0.282828,0.000421
qwen3_8b_base,k8,arc_easy,False,non_mmlu,2376,content_norm,longest_wrong,0.255051,0.106902,14.8148,12.7946,16.835,2.0202,0.0001,1.0510794779236636e-45,above the floor,False,0.282828,0.000421
qwen3_8b_base,k8,openbookqa,False,non_mmlu,500,letter,best_constant_A,0.26,0.276,-1.6,-7.605,4.4,6.0025,0.6105,0.6514690904072005,AT the floor (n.s.),False,0.874,0.014
qwen3_8b_base,k8,openbookqa,False,non_mmlu,500,content_raw,longest_split,0.158,0.3685,-21.05,-26.3167,-15.5667,5.375,0.0001,,BELOW the floor,False,0.276,0.0
qwen3_8b_base,k8,openbookqa,False,non_mmlu,500,content_raw,longest_first,0.158,0.384,-22.6,-28.6,-16.6,6.0,0.0001,9.840848196804836e-13,BELOW the floor,False,0.276,0.0
qwen3_8b_base,k8,openbookqa,False,non_mmlu,500,content_raw,longest_last,0.158,0.362,-20.4,-26.2,-14.4,5.9,0.0001,4.3719745599115596e-11,BELOW the floor,False,0.276,0.0
qwen3_8b_base,k8,openbookqa,False,non_mmlu,500,content_raw,longest_credit,0.158,0.64,-48.2,-54.0,-42.2,5.9,0.0001,1.3086556596452245e-41,BELOW the floor,False,0.276,0.0
qwen3_8b_base,k8,openbookqa,False,non_mmlu,500,content_raw,longest_wrong,0.158,0.23,-7.2,-12.6,-1.6,5.5,0.0091,0.011780425578763003,BELOW the floor,False,0.276,0.0
qwen3_8b_base,k8,openbookqa,False,non_mmlu,500,content_norm,longest_split,0.254,0.3685,-11.45,-15.95,-6.9,4.525,0.0001,,BELOW the floor,False,0.254,0.0
qwen3_8b_base,k8,openbookqa,False,non_mmlu,500,content_norm,longest_first,0.254,0.384,-13.0,-18.2,-7.8,5.2,0.0001,2.0116885464438744e-06,BELOW the floor,False,0.254,0.0
qwen3_8b_base,k8,openbookqa,False,non_mmlu,500,content_norm,longest_last,0.254,0.362,-10.8,-15.8,-5.8,5.0,0.0001,5.71463568305403e-05,BELOW the floor,False,0.254,0.0
qwen3_8b_base,k8,openbookqa,False,non_mmlu,500,content_norm,longest_credit,0.254,0.64,-38.6,-43.6,-33.4,5.1,0.0001,3.2996676840836865e-39,BELOW the floor,False,0.254,0.0
qwen3_8b_base,k8,openbookqa,False,non_mmlu,500,content_norm,longest_wrong,0.254,0.23,2.4,-2.4,7.2,4.8,0.33340000000000003,0.3754568881732182,AT the floor (n.s.),False,0.254,0.0
qwen3_8b_base,k8,commonsense_qa,False,non_mmlu,1221,letter,best_constant_B,0.192465,0.208845,-1.638,-5.1597,1.8837,3.5217,0.3537,0.39073032965497473,AT the floor (n.s.),False,1.0,0.0
qwen3_8b_base,k8,commonsense_qa,False,non_mmlu,1221,content_raw,longest_split,0.178542,0.201775,-2.3232,-5.3754,0.7671,3.0713,0.1386,,AT the floor (n.s.),False,0.213759,0.007371
qwen3_8b_base,k8,commonsense_qa,False,non_mmlu,1221,content_raw,longest_first,0.178542,0.208026,-2.9484,-6.3882,0.5733,3.4808,0.09670000000000001,0.10484270795647004,AT the floor (n.s.),False,0.213759,0.007371
qwen3_8b_base,k8,commonsense_qa,False,non_mmlu,1221,content_raw,longest_last,0.178542,0.20475,-2.6208,-6.0606,0.819,3.4398,0.13,0.14472484084788245,AT the floor (n.s.),False,0.213759,0.007371
qwen3_8b_base,k8,commonsense_qa,False,non_mmlu,1221,content_raw,longest_credit,0.178542,0.43407,-25.5528,-29.4021,-21.6216,3.8903,0.0001,1.8290507629924535e-33,BELOW the floor,False,0.213759,0.007371
qwen3_8b_base,k8,commonsense_qa,False,non_mmlu,1221,content_raw,longest_wrong,0.178542,0.092547,8.5995,5.733,11.466,2.8665,0.0001,8.231068523428008e-09,above the floor,False,0.213759,0.007371
qwen3_8b_base,k8,commonsense_qa,False,non_mmlu,1221,content_norm,longest_split,0.215397,0.201775,1.3623,-1.1563,3.9108,2.5335,0.2826,,AT the floor (n.s.),False,0.208845,0.00819
qwen3_8b_base,k8,commonsense_qa,False,non_mmlu,1221,content_norm,longest_first,0.215397,0.208026,0.7371,-2.2113,3.7674,2.9894,0.6164,0.6639883747317991,AT the floor (n.s.),False,0.208845,0.00819
qwen3_8b_base,k8,commonsense_qa,False,non_mmlu,1221,content_norm,longest_last,0.215397,0.20475,1.0647,-1.8837,4.0131,2.9484,0.4581,0.5083004050578774,AT the floor (n.s.),False,0.208845,0.00819
qwen3_8b_base,k8,commonsense_qa,False,non_mmlu,1221,content_norm,longest_credit,0.215397,0.43407,-21.8673,-25.0614,-18.5913,3.2351,0.0001,3.306443070979481e-36,BELOW the floor,False,0.208845,0.00819
qwen3_8b_base,k8,commonsense_qa,False,non_mmlu,1221,content_norm,longest_wrong,0.215397,0.092547,12.285,9.6642,14.9058,2.6208,0.0001,2.2840470369459373e-20,above the floor,False,0.208845,0.00819
qwen3_8b_base,k8,piqa,False,non_mmlu,1838,letter,best_constant_B,0.505441,0.504897,0.0544,-1.5778,1.6866,1.6322,0.9558,1.0,AT the floor (n.s.),False,0.868879,0.008705
qwen3_8b_base,k8,piqa,False,non_mmlu,1838,content_raw,longest_split,0.557127,0.466268,9.086,5.3863,12.7584,3.6861,0.0001,,above the floor,False,0.505985,0.000544
qwen3_8b_base,k8,piqa,False,non_mmlu,1838,content_raw,longest_first,0.557127,0.471708,8.5419,4.5702,12.4592,3.9445,0.0001,2.5392239920139738e-05,above the floor,False,0.505985,0.000544
qwen3_8b_base,k8,piqa,False,non_mmlu,1838,content_raw,longest_last,0.557127,0.460827,9.63,5.6039,13.6017,3.9989,0.0001,2.805228347572496e-06,above the floor,False,0.505985,0.000544
qwen3_8b_base,k8,piqa,False,non_mmlu,1838,content_raw,longest_credit,0.557127,0.677367,-12.0239,-15.9426,-8.161,3.8908,0.0001,1.8853802926610373e-09,BELOW the floor,False,0.505985,0.000544
qwen3_8b_base,k8,piqa,False,non_mmlu,1838,content_raw,longest_wrong,0.557127,0.255169,30.1959,26.3874,34.0044,3.8085,0.0001,2.2034988385782406e-49,above the floor,False,0.505985,0.000544
qwen3_8b_base,k8,piqa,False,non_mmlu,1838,content_norm,longest_split,0.539717,0.466268,7.3449,4.5974,10.0925,2.7476,0.0001,,above the floor,False,0.521219,0.000544
qwen3_8b_base,k8,piqa,False,non_mmlu,1838,content_norm,longest_first,0.539717,0.471708,6.8009,3.7527,9.9021,3.0747,0.0001,1.7584752478439432e-05,above the floor,False,0.521219,0.000544
qwen3_8b_base,k8,piqa,False,non_mmlu,1838,content_norm,longest_last,0.539717,0.460827,7.889,4.7334,11.099,3.1828,0.0001,1.0986034982240952e-06,above the floor,False,0.521219,0.000544
qwen3_8b_base,k8,piqa,False,non_mmlu,1838,content_norm,longest_credit,0.539717,0.677367,-13.765,-16.7029,-10.827,2.938,0.0001,4.139574326299483e-19,BELOW the floor,False,0.521219,0.000544
qwen3_8b_base,k8,piqa,False,non_mmlu,1838,content_norm,longest_wrong,0.539717,0.255169,28.4548,25.4625,31.3928,2.9652,0.0001,1.1593528903526645e-71,above the floor,False,0.521219,0.000544
qwen3_8b_base,k8,winogrande,True,non_mmlu,1267,letter,best_constant_B,0.50513,0.504341,0.0789,-0.2368,0.4736,0.3552,0.647,1.0,AT the floor (n.s.),True,0.996054,0.0
qwen3_8b_base,k8,winogrande,True,non_mmlu,1267,content_raw,longest_split,0.49487,0.501184,-0.6314,-3.8279,2.723,3.2755,0.7231000000000001,,AT the floor (n.s.),False,0.501973,0.001579
qwen3_8b_base,k8,winogrande,True,non_mmlu,1267,content_raw,longest_first,0.49487,0.494081,0.0789,-4.0253,4.341,4.1831,0.955,1.0,AT the floor (n.s.),False,0.501973,0.001579
qwen3_8b_base,k8,winogrande,True,non_mmlu,1267,content_raw,longest_last,0.49487,0.508287,-1.3418,-5.5249,2.8414,4.1831,0.5328,0.5529382796345513,AT the floor (n.s.),False,0.501973,0.001579
qwen3_8b_base,k8,winogrande,True,non_mmlu,1267,content_raw,longest_credit,0.49487,0.933702,-43.8832,-47.277,-40.4104,3.4333,0.0001,3.550919254262545e-107,BELOW the floor,False,0.501973,0.001579
qwen3_8b_base,k8,winogrande,True,non_mmlu,1267,content_raw,longest_wrong,0.49487,0.068666,42.6204,39.3054,46.0931,3.3938,0.0001,4.326544781810359e-102,above the floor,False,0.501973,0.001579
qwen3_8b_base,k8,winogrande,True,non_mmlu,1267,content_norm,longest_split,0.495659,0.501184,-0.5525,-3.236,2.131,2.6835,0.6992999999999999,,AT the floor (n.s.),False,0.510655,0.001579
qwen3_8b_base,k8,winogrande,True,non_mmlu,1267,content_norm,longest_first,0.495659,0.494081,0.1579,-3.4728,3.9463,3.7096,0.92,0.9662982721973756,AT the floor (n.s.),False,0.510655,0.001579
qwen3_8b_base,k8,winogrande,True,non_mmlu,1267,content_norm,longest_last,0.495659,0.508287,-1.2628,-5.0513,2.4467,3.749,0.509,0.5334250936648018,AT the floor (n.s.),False,0.510655,0.001579
qwen3_8b_base,k8,winogrande,True,non_mmlu,1267,content_norm,longest_credit,0.495659,0.933702,-43.8043,-46.6456,-40.9629,2.8414,0.0001,1.656716973512627e-152,BELOW the floor,False,0.510655,0.001579
qwen3_8b_base,k8,winogrande,True,non_mmlu,1267,content_norm,longest_wrong,0.495659,0.068666,42.6993,39.8579,45.5406,2.8414,0.0001,3.324603289364467e-146,above the floor,False,0.510655,0.001579
llama2_7b,base,mmlu,False,mmlu,14042,letter,best_constant_D,0.409984,0.268908,14.1077,12.9253,15.2542,1.1645,0.0001,7.376303350653299e-125,above the floor,True,0.414471,0.157883
llama2_7b,base,mmlu,False,mmlu,14042,content_raw,longest_split,0.393676,0.275661,11.8015,10.6644,12.9255,1.1305,0.0001,,above the floor,True,0.351446,0.00292
llama2_7b,base,mmlu,False,mmlu,14042,content_raw,longest_first,0.393676,0.270902,12.2775,11.1024,13.4311,1.1644,0.0001,2.551623713913461e-93,above the floor,True,0.351446,0.00292
llama2_7b,base,mmlu,False,mmlu,14042,content_raw,longest_last,0.393676,0.278094,11.5582,10.3404,12.7619,1.2107,0.0001,3.948296044099326e-76,above the floor,True,0.351446,0.00292
llama2_7b,base,mmlu,False,mmlu,14042,content_raw,longest_credit,0.393676,0.452428,-5.8752,-7.15,-4.6218,1.2641,0.0001,1.5913779688045584e-19,BELOW the floor,True,0.351446,0.00292
llama2_7b,base,mmlu,False,mmlu,14042,content_raw,longest_wrong,0.393676,0.184589,20.9087,19.7621,22.041,1.1394,0.0001,8.568004129724021e-272,above the floor,True,0.351446,0.00292
llama2_7b,base,mmlu,False,mmlu,14042,content_norm,longest_split,0.413474,0.275661,13.7813,12.8418,14.748,0.9531,0.0001,,above the floor,True,0.315553,0.002777
llama2_7b,base,mmlu,False,mmlu,14042,content_norm,longest_first,0.413474,0.270902,14.2572,13.2887,15.2687,0.99,0.0001,3.0756330269036882e-167,above the floor,True,0.315553,0.002777
llama2_7b,base,mmlu,False,mmlu,14042,content_norm,longest_last,0.413474,0.278094,13.538,12.4982,14.6133,1.0575,0.0001,3.584951238152574e-133,above the floor,True,0.315553,0.002777
llama2_7b,base,mmlu,False,mmlu,14042,content_norm,longest_credit,0.413474,0.452428,-3.8955,-4.9852,-2.7916,1.0968,0.0001,5.7859386597721865e-12,BELOW the floor,True,0.315553,0.002777
llama2_7b,base,mmlu,False,mmlu,14042,content_norm,longest_wrong,0.413474,0.184589,22.8885,21.9342,23.8785,0.9722,0.0001,0.0,above the floor,True,0.315553,0.002777
llama2_7b,k10,mmlu,False,mmlu,14042,letter,best_constant_D,0.249323,0.268908,-1.9584,-3.1548,-0.7689,1.1929,0.0007999999999999999,0.0013166108119729866,BELOW the floor,True,0.571571,0.005484
llama2_7b,k10,mmlu,False,mmlu,14042,content_raw,longest_split,0.230452,0.275661,-4.521,-5.6088,-3.41,1.0994,0.0001,,BELOW the floor,True,0.283791,0.000285
llama2_7b,k10,mmlu,False,mmlu,14042,content_raw,longest_first,0.230452,0.270902,-4.045,-5.2131,-2.8628,1.1751,0.0001,6.666209819160827e-12,BELOW the floor,True,0.283791,0.000285
llama2_7b,k10,mmlu,False,mmlu,14042,content_raw,longest_last,0.230452,0.278094,-4.7643,-5.9251,-3.5892,1.1679,0.0001,1.2929253820963333e-15,BELOW the floor,True,0.283791,0.000285
llama2_7b,k10,mmlu,False,mmlu,14042,content_raw,longest_credit,0.230452,0.452428,-22.1977,-23.4511,-20.9301,1.2605,0.0001,9.491948486570849e-255,BELOW the floor,True,0.283791,0.000285
llama2_7b,k10,mmlu,False,mmlu,14042,content_raw,longest_wrong,0.230452,0.184589,4.5862,3.518,5.6758,1.0789,0.0001,3.216282009911337e-17,above the floor,True,0.283791,0.000285
llama2_7b,k10,mmlu,False,mmlu,14042,content_norm,longest_split,0.253027,0.275661,-2.2634,-3.1803,-1.3329,0.9237,0.0001,,BELOW the floor,True,0.278094,0.000356
llama2_7b,k10,mmlu,False,mmlu,14042,content_norm,longest_first,0.253027,0.270902,-1.7875,-2.7847,-0.762,1.0113,0.0001,0.0005246934262421764,BELOW the floor,True,0.278094,0.000356
llama2_7b,k10,mmlu,False,mmlu,14042,content_norm,longest_last,0.253027,0.278094,-2.5068,-3.518,-1.467,1.0255,0.0001,1.8247334094014475e-06,BELOW the floor,True,0.278094,0.000356
llama2_7b,k10,mmlu,False,mmlu,14042,content_norm,longest_credit,0.253027,0.452428,-19.9402,-21.0155,-18.872,1.0718,0.0001,8.016488336725368e-276,BELOW the floor,True,0.278094,0.000356
llama2_7b,k10,mmlu,False,mmlu,14042,content_norm,longest_wrong,0.253027,0.184589,6.8438,5.8966,7.7838,0.9436,0.0001,1.2220165287486483e-45,above the floor,True,0.278094,0.000356
llama2_7b,k12,mmlu,False,mmlu,14042,letter,best_constant_D,0.229454,0.268908,-3.9453,-5.1417,-2.7845,1.1786,0.0001,3.74255033955602e-11,BELOW the floor,True,0.999715,0.0
llama2_7b,k12,mmlu,False,mmlu,14042,content_raw,longest_split,0.231591,0.275661,-4.407,-5.5126,-3.3132,1.0997,0.0001,,BELOW the floor,True,0.298034,0.000499
llama2_7b,k12,mmlu,False,mmlu,14042,content_raw,longest_first,0.231591,0.270902,-3.9311,-5.099,-2.7631,1.1679,0.0001,3.271008346635677e-11,BELOW the floor,True,0.298034,0.000499
llama2_7b,k12,mmlu,False,mmlu,14042,content_raw,longest_last,0.231591,0.278094,-4.6503,-5.7827,-3.5251,1.1288,0.0001,6.120080530383134e-16,BELOW the floor,True,0.298034,0.000499
llama2_7b,k12,mmlu,False,mmlu,14042,content_raw,longest_credit,0.231591,0.452428,-22.0837,-23.33,-20.8231,1.2535,0.0001,1.86763890158599e-253,BELOW the floor,True,0.298034,0.000499
llama2_7b,k12,mmlu,False,mmlu,14042,content_raw,longest_wrong,0.231591,0.184589,4.7002,3.6248,5.7755,1.0753,0.0001,5.849702452958455e-18,above the floor,True,0.298034,0.000499
llama2_7b,k12,mmlu,False,mmlu,14042,content_norm,longest_split,0.252884,0.275661,-2.2777,-3.216,-1.3477,0.9341,0.0001,,BELOW the floor,True,0.320396,0.000499
llama2_7b,k12,mmlu,False,mmlu,14042,content_norm,longest_first,0.252884,0.270902,-1.8017,-2.8344,-0.7762,1.0291,0.0004,0.0005432030360978228,BELOW the floor,True,0.320396,0.000499
llama2_7b,k12,mmlu,False,mmlu,14042,content_norm,longest_last,0.252884,0.278094,-2.521,-3.5038,-1.524,0.9899,0.0001,5.239208241208989e-07,BELOW the floor,True,0.320396,0.000499
llama2_7b,k12,mmlu,False,mmlu,14042,content_norm,longest_credit,0.252884,0.452428,-19.9544,-21.0369,-18.9003,1.0683,0.0001,2.50135912866164e-277,BELOW the floor,True,0.320396,0.000499
llama2_7b,k12,mmlu,False,mmlu,14042,content_norm,longest_wrong,0.252884,0.184589,6.8295,5.8752,7.7767,0.9507,0.0001,5.335216415588387e-45,above the floor,True,0.320396,0.000499
llama2_7b,k14,mmlu,False,mmlu,14042,letter,best_constant_D,0.230736,0.268908,-3.8171,-4.9995,-2.6492,1.1751,0.0001,1.6566562517908727e-10,BELOW the floor,True,0.963894,0.003988
llama2_7b,k14,mmlu,False,mmlu,14042,content_raw,longest_split,0.233158,0.275661,-4.2503,-5.3441,-3.14,1.1021,0.0001,,BELOW the floor,True,0.299174,0.000356
llama2_7b,k14,mmlu,False,mmlu,14042,content_raw,longest_first,0.233158,0.270902,-3.7744,-4.9423,-2.5922,1.175,0.0001,2.0612209035462625e-10,BELOW the floor,True,0.299174,0.000356
llama2_7b,k14,mmlu,False,mmlu,14042,content_raw,longest_last,0.233158,0.278094,-4.4937,-5.626,-3.3683,1.1288,0.0001,6.113377407481255e-15,BELOW the floor,True,0.299174,0.000356
llama2_7b,k14,mmlu,False,mmlu,14042,content_raw,longest_credit,0.233158,0.452428,-21.9271,-23.1876,-20.6452,1.2712,0.0001,8.777521148053618e-249,BELOW the floor,True,0.299174,0.000356
llama2_7b,k14,mmlu,False,mmlu,14042,content_raw,longest_wrong,0.233158,0.184589,4.8569,3.7813,5.9464,1.0826,0.0001,5.146662628658576e-19,above the floor,True,0.299174,0.000356
llama2_7b,k14,mmlu,False,mmlu,14042,content_norm,longest_split,0.255804,0.275661,-1.9857,-2.8902,-1.0777,0.9062,0.0001,,BELOW the floor,True,0.328087,0.000285
llama2_7b,k14,mmlu,False,mmlu,14042,content_norm,longest_first,0.255804,0.270902,-1.5098,-2.521,-0.5127,1.0041,0.0036999999999999997,0.003650436936391499,BELOW the floor,True,0.328087,0.000285
llama2_7b,k14,mmlu,False,mmlu,14042,content_norm,longest_last,0.255804,0.278094,-2.229,-3.1976,-1.2534,0.9721,0.0001,7.85530835577707e-06,BELOW the floor,True,0.328087,0.000285
llama2_7b,k14,mmlu,False,mmlu,14042,content_norm,longest_credit,0.255804,0.452428,-19.6624,-20.7164,-18.6085,1.054,0.0001,1.0470876555862352e-271,BELOW the floor,True,0.328087,0.000285
llama2_7b,k14,mmlu,False,mmlu,14042,content_norm,longest_wrong,0.255804,0.184589,7.1215,6.1813,8.0615,0.9401,0.0001,2.574825771637198e-49,above the floor,True,0.328087,0.000285
llama2_7b,k8,mmlu,False,mmlu,14042,letter,best_constant_D,0.24149,0.268908,-2.7418,-3.9524,-1.5738,1.1893,0.0001,5.708079619157092e-06,BELOW the floor,True,0.448583,0.003774
llama2_7b,k8,mmlu,False,mmlu,14042,content_raw,longest_split,0.232303,0.275661,-4.3358,-5.4272,-3.243,1.0921,0.0001,,BELOW the floor,True,0.273964,0.000641
llama2_7b,k8,mmlu,False,mmlu,14042,content_raw,longest_first,0.232303,0.270902,-3.8598,-5.0349,-2.6919,1.1715,0.0001,7.168623191394266e-11,BELOW the floor,True,0.273964,0.000641
llama2_7b,k8,mmlu,False,mmlu,14042,content_raw,longest_last,0.232303,0.278094,-4.5791,-5.7257,-3.4254,1.1501,0.0001,1.656459832710677e-14,BELOW the floor,True,0.273964,0.000641
llama2_7b,k8,mmlu,False,mmlu,14042,content_raw,longest_credit,0.232303,0.452428,-22.0125,-23.273,-20.7732,1.2499,0.0001,7.624147085450419e-250,BELOW the floor,True,0.273964,0.000641
llama2_7b,k8,mmlu,False,mmlu,14042,content_raw,longest_wrong,0.232303,0.184589,4.7714,3.7032,5.8467,1.0718,0.0001,1.9396312417110612e-18,above the floor,True,0.273964,0.000641
llama2_7b,k8,mmlu,False,mmlu,14042,content_norm,longest_split,0.254237,0.275661,-2.1424,-3.0593,-1.2071,0.9261,0.0001,,BELOW the floor,True,0.288705,0.00057
llama2_7b,k8,mmlu,False,mmlu,14042,content_norm,longest_first,0.254237,0.270902,-1.6664,-2.6777,-0.6409,1.0184,0.0013,0.0012606114513658989,BELOW the floor,True,0.288705,0.00057
llama2_7b,k8,mmlu,False,mmlu,14042,content_norm,longest_last,0.254237,0.278094,-2.3857,-3.397,-1.3673,1.0148,0.0001,4.8993798543643055e-06,BELOW the floor,True,0.288705,0.00057
llama2_7b,k8,mmlu,False,mmlu,14042,content_norm,longest_credit,0.254237,0.452428,-19.8191,-20.8873,-18.7721,1.0576,0.0001,6.88996670275672e-275,BELOW the floor,True,0.288705,0.00057
llama2_7b,k8,mmlu,False,mmlu,14042,content_norm,longest_wrong,0.254237,0.184589,6.9648,6.0246,7.912,0.9437,0.0001,1.8898195402667945e-47,above the floor,True,0.288705,0.00057
llama3_8b,base,mmlu,False,mmlu,14042,letter,best_constant_D,0.621991,0.268908,35.3084,34.1832,36.4336,1.1252,0.0001,0.0,above the floor,True,0.292052,0.044296
llama3_8b,base,mmlu,False,mmlu,14042,content_raw,longest_split,0.432844,0.284664,14.818,13.6721,15.9729,1.1504,0.0001,,above the floor,True,0.340906,0.004273
llama3_8b,base,mmlu,False,mmlu,14042,content_raw,longest_first,0.432844,0.28137,15.1474,13.9154,16.3794,1.232,0.0001,1.5128519492631267e-127,above the floor,True,0.340906,0.004273
llama3_8b,base,mmlu,False,mmlu,14042,content_raw,longest_last,0.432844,0.282296,15.0548,13.8513,16.2797,1.2142,0.0001,6.697569833826228e-125,above the floor,True,0.340906,0.004273
llama3_8b,base,mmlu,False,mmlu,14042,content_raw,longest_credit,0.432844,0.454351,-2.1507,-3.4041,-0.8973,1.2534,0.0008,0.000794355165886948,BELOW the floor,True,0.340906,0.004273
llama3_8b,base,mmlu,False,mmlu,14042,content_raw,longest_wrong,0.432844,0.196197,23.6647,22.4968,24.8326,1.1679,0.0001,7.0187e-320,above the floor,True,0.340906,0.004273
llama3_8b,base,mmlu,False,mmlu,14042,content_norm,longest_split,0.462399,0.284664,17.7735,16.8304,18.7177,0.9436,0.0001,,above the floor,True,0.297536,0.003846
llama3_8b,base,mmlu,False,mmlu,14042,content_norm,longest_first,0.462399,0.28137,18.1028,17.0987,19.1141,1.0077,0.0001,1.6434236512252205e-261,above the floor,True,0.297536,0.003846
llama3_8b,base,mmlu,False,mmlu,14042,content_norm,longest_last,0.462399,0.282296,18.0103,16.9919,19.0429,1.0255,0.0001,3.765514715165073e-250,above the floor,True,0.297536,0.003846
llama3_8b,base,mmlu,False,mmlu,14042,content_norm,longest_credit,0.462399,0.454351,0.8047,-0.2208,1.8445,1.0326,0.12769999999999998,0.12813856536766494,AT the floor (n.s.),True,0.297536,0.003846
llama3_8b,base,mmlu,False,mmlu,14042,content_norm,longest_wrong,0.462399,0.196197,26.6201,25.6374,27.5958,0.9792,0.0001,0.0,above the floor,True,0.297536,0.003846
llama3_8b,k12,mmlu,False,mmlu,14042,letter,best_constant_D,0.252742,0.268908,-1.6166,-2.5139,-0.7691,0.8724,0.0001,0.0002531807375561172,BELOW the floor,True,0.473152,0.003062
llama3_8b,k12,mmlu,False,mmlu,14042,content_raw,longest_split,0.231591,0.284664,-5.3073,-6.4301,-4.1927,1.1187,0.0001,,BELOW the floor,True,0.332218,0.000641
llama3_8b,k12,mmlu,False,mmlu,14042,content_raw,longest_first,0.231591,0.28137,-4.9779,-6.153,-3.8029,1.175,0.0001,6.222796980791311e-17,BELOW the floor,True,0.332218,0.000641
llama3_8b,k12,mmlu,False,mmlu,14042,content_raw,longest_last,0.231591,0.282296,-5.0705,-6.2598,-3.9097,1.175,0.0001,1.5790640259706453e-17,BELOW the floor,True,0.332218,0.000641
llama3_8b,k12,mmlu,False,mmlu,14042,content_raw,longest_credit,0.231591,0.454351,-22.276,-23.5296,-21.0084,1.2606,0.0001,5.142032291988861e-254,BELOW the floor,True,0.332218,0.000641
llama3_8b,k12,mmlu,False,mmlu,14042,content_raw,longest_wrong,0.231591,0.196197,3.5394,2.4427,4.629,1.0931,0.0001,1.5219715118991973e-10,above the floor,True,0.332218,0.000641
llama3_8b,k12,mmlu,False,mmlu,14042,content_norm,longest_split,0.249751,0.284664,-3.4913,-4.4106,-2.5863,0.9122,0.0001,,BELOW the floor,True,0.290699,0.000427
llama3_8b,k12,mmlu,False,mmlu,14042,content_norm,longest_first,0.249751,0.28137,-3.1619,-4.1518,-2.1792,0.9863,0.0001,3.663853642966117e-10,BELOW the floor,True,0.290699,0.000427
llama3_8b,k12,mmlu,False,mmlu,14042,content_norm,longest_last,0.249751,0.282296,-3.2545,-4.2303,-2.2504,0.99,0.0001,1.30299955482107e-10,BELOW the floor,True,0.290699,0.000427
llama3_8b,k12,mmlu,False,mmlu,14042,content_norm,longest_credit,0.249751,0.454351,-20.46,-21.5283,-19.4203,1.054,0.0001,1.4674323913226962e-302,BELOW the floor,True,0.290699,0.000427
llama3_8b,k12,mmlu,False,mmlu,14042,content_norm,longest_wrong,0.249751,0.196197,5.3554,4.4224,6.2954,0.9365,0.0001,1.4301152633562127e-29,above the floor,True,0.290699,0.000427
llama3_8b,k14,mmlu,False,mmlu,14042,letter,best_constant_D,0.254807,0.268908,-1.4101,-2.2575,-0.5555,0.851,0.0008,0.0010099649024903692,BELOW the floor,True,0.522148,0.003133
llama3_8b,k14,mmlu,False,mmlu,14042,content_raw,longest_split,0.231805,0.284664,-5.2859,-6.3963,-4.194,1.1012,0.0001,,BELOW the floor,True,0.338912,0.000712
llama3_8b,k14,mmlu,False,mmlu,14042,content_raw,longest_first,0.231805,0.28137,-4.9566,-6.1102,-3.7815,1.1644,0.0001,5.636177916067171e-17,BELOW the floor,True,0.338912,0.000712
llama3_8b,k14,mmlu,False,mmlu,14042,content_raw,longest_last,0.231805,0.282296,-5.0491,-6.2171,-3.8882,1.1645,0.0001,2.2342968655576497e-17,BELOW the floor,True,0.338912,0.000712
llama3_8b,k14,mmlu,False,mmlu,14042,content_raw,longest_credit,0.231805,0.454351,-22.2547,-23.5009,-21.0226,1.2391,0.0001,1.8040436751575306e-254,BELOW the floor,True,0.338912,0.000712
llama3_8b,k14,mmlu,False,mmlu,14042,content_raw,longest_wrong,0.231805,0.196197,3.5607,2.4712,4.6432,1.086,0.0001,1.1754673262744314e-10,above the floor,True,0.338912,0.000712
llama3_8b,k14,mmlu,False,mmlu,14042,content_norm,longest_split,0.259222,0.284664,-2.5442,-3.4463,-1.6563,0.895,0.0001,,BELOW the floor,True,0.31947,0.000427
llama3_8b,k14,mmlu,False,mmlu,14042,content_norm,longest_first,0.259222,0.28137,-2.2148,-3.1833,-1.2463,0.9685,0.0001,8.641148273464017e-06,BELOW the floor,True,0.31947,0.000427
llama3_8b,k14,mmlu,False,mmlu,14042,content_norm,longest_last,0.259222,0.282296,-2.3074,-3.283,-1.3317,0.9756,0.0001,4.680907374346669e-06,BELOW the floor,True,0.31947,0.000427
llama3_8b,k14,mmlu,False,mmlu,14042,content_norm,longest_credit,0.259222,0.454351,-19.5129,-20.5528,-18.4945,1.0291,0.0001,1.3569815594887466e-280,BELOW the floor,True,0.31947,0.000427
llama3_8b,k14,mmlu,False,mmlu,14042,content_norm,longest_wrong,0.259222,0.196197,6.3025,5.3767,7.2212,0.9222,0.0001,1.018176401293327e-40,above the floor,True,0.31947,0.000427
llama3_8b,k8,mmlu,False,mmlu,14042,letter,best_constant_D,0.232873,0.268908,-3.6035,-4.7144,-2.5068,1.1038,0.0001,1.3434795939121398e-10,BELOW the floor,True,0.884845,0.001424
llama3_8b,k8,mmlu,False,mmlu,14042,content_raw,longest_split,0.233941,0.284664,-5.0723,-6.1672,-3.9809,1.0932,0.0001,,BELOW the floor,True,0.332574,0.000499
llama3_8b,k8,mmlu,False,mmlu,14042,content_raw,longest_first,0.233941,0.28137,-4.7429,-5.9108,-3.5892,1.1608,0.0001,1.770413151527793e-15,BELOW the floor,True,0.332574,0.000499
llama3_8b,k8,mmlu,False,mmlu,14042,content_raw,longest_last,0.233941,0.282296,-4.8355,-5.9892,-3.6818,1.1537,0.0001,4.281411146517964e-16,BELOW the floor,True,0.332574,0.000499
llama3_8b,k8,mmlu,False,mmlu,14042,content_raw,longest_credit,0.233941,0.454351,-22.041,-23.2873,-20.8019,1.2427,0.0001,4.461861438923996e-250,BELOW the floor,True,0.332574,0.000499
llama3_8b,k8,mmlu,False,mmlu,14042,content_raw,longest_wrong,0.233941,0.196197,3.7744,2.6919,4.8711,1.0896,0.0001,9.542448456909651e-12,above the floor,True,0.332574,0.000499
llama3_8b,k8,mmlu,False,mmlu,14042,content_norm,longest_split,0.258866,0.284664,-2.5798,-3.4901,-1.6777,0.9062,0.0001,,BELOW the floor,True,0.318616,0.000641
llama3_8b,k8,mmlu,False,mmlu,14042,content_norm,longest_first,0.258866,0.28137,-2.2504,-3.2262,-1.2747,0.9757,0.0001,7.136905943842922e-06,BELOW the floor,True,0.318616,0.000641
llama3_8b,k8,mmlu,False,mmlu,14042,content_norm,longest_last,0.258866,0.282296,-2.343,-3.3329,-1.3744,0.9792,0.0001,3.071504299192758e-06,BELOW the floor,True,0.318616,0.000641
llama3_8b,k8,mmlu,False,mmlu,14042,content_norm,longest_credit,0.258866,0.454351,-19.5485,-20.5954,-18.5228,1.0363,0.0001,3.36875574624982e-283,BELOW the floor,True,0.318616,0.000641
llama3_8b,k8,mmlu,False,mmlu,14042,content_norm,longest_wrong,0.258866,0.196197,6.2669,5.3409,7.1785,0.9188,0.0001,2.6541691673450426e-40,above the floor,True,0.318616,0.000641
qwen3_8b_base,base,mmlu,False,mmlu,14042,letter,best_constant_D,0.746404,0.268908,47.7496,46.6743,48.8038,1.0648,0.0001,0.0,above the floor,True,0.305654,0.048996
qwen3_8b_base,base,mmlu,False,mmlu,14042,content_raw,longest_split,0.486825,0.283346,20.3479,19.1615,21.5265,1.1825,0.0001,,above the floor,True,0.331933,0.002777
qwen3_8b_base,base,mmlu,False,mmlu,14042,content_raw,longest_first,0.486825,0.281584,20.5241,19.2779,21.7635,1.2428,0.0001,1.4038534227194455e-225,above the floor,True,0.331933,0.002777
qwen3_8b_base,base,mmlu,False,mmlu,14042,content_raw,longest_last,0.486825,0.280729,20.6096,19.3776,21.8701,1.2463,0.0001,1.8335943855406658e-226,above the floor,True,0.331933,0.002777
qwen3_8b_base,base,mmlu,False,mmlu,14042,content_raw,longest_credit,0.486825,0.433485,5.334,4.0733,6.5945,1.2606,0.0001,4.9281979355892794e-17,above the floor,True,0.331933,0.002777
qwen3_8b_base,base,mmlu,False,mmlu,14042,content_raw,longest_wrong,0.486825,0.198975,28.7851,27.5815,29.9886,1.2035,0.0001,0.0,above the floor,True,0.331933,0.002777
qwen3_8b_base,base,mmlu,False,mmlu,14042,content_norm,longest_split,0.517305,0.283346,23.3959,22.4137,24.3615,0.9739,0.0001,,above the floor,True,0.284931,0.002564
qwen3_8b_base,base,mmlu,False,mmlu,14042,content_norm,longest_first,0.517305,0.281584,23.5721,22.5253,24.6048,1.0397,0.0001,0.0,above the floor,True,0.284931,0.002564
qwen3_8b_base,base,mmlu,False,mmlu,14042,content_norm,longest_last,0.517305,0.280729,23.6576,22.6319,24.7116,1.0398,0.0001,0.0,above the floor,True,0.284931,0.002564
qwen3_8b_base,base,mmlu,False,mmlu,14042,content_norm,longest_credit,0.517305,0.433485,8.382,7.3423,9.4289,1.0433,0.0001,1.6268591297572519e-55,above the floor,True,0.284931,0.002564
qwen3_8b_base,base,mmlu,False,mmlu,14042,content_norm,longest_wrong,0.517305,0.198975,31.8331,30.8076,32.8443,1.0184,0.0001,0.0,above the floor,True,0.284931,0.002564
qwen3_8b_base,k12,mmlu,False,mmlu,14042,letter,best_constant_D,0.229953,0.268908,-3.8955,-5.0919,-2.7275,1.1822,0.0001,6.716680572308363e-11,BELOW the floor,True,0.990528,0.000285
qwen3_8b_base,k12,mmlu,False,mmlu,14042,content_raw,longest_split,0.23038,0.283346,-5.2966,-6.4129,-4.204,1.1044,0.0001,,BELOW the floor,True,0.336562,0.000783
qwen3_8b_base,k12,mmlu,False,mmlu,14042,content_raw,longest_first,0.23038,0.281584,-5.1204,-6.2883,-3.9524,1.1679,0.0001,8.168004783943201e-18,BELOW the floor,True,0.336562,0.000783
qwen3_8b_base,k12,mmlu,False,mmlu,14042,content_raw,longest_last,0.23038,0.280729,-5.0349,-6.2171,-3.8883,1.1644,0.0001,2.089624198212868e-17,BELOW the floor,True,0.336562,0.000783
qwen3_8b_base,k12,mmlu,False,mmlu,14042,content_raw,longest_credit,0.23038,0.433485,-20.3105,-21.5639,-19.0641,1.2499,0.0001,8.735586140782633e-214,BELOW the floor,True,0.336562,0.000783
qwen3_8b_base,k12,mmlu,False,mmlu,14042,content_raw,longest_wrong,0.23038,0.198975,3.1406,2.0581,4.2159,1.0789,0.0001,1.3656908521590074e-08,above the floor,True,0.336562,0.000783
qwen3_8b_base,k12,mmlu,False,mmlu,14042,content_norm,longest_split,0.250178,0.283346,-3.3168,-4.2931,-2.3513,0.9709,0.0001,,BELOW the floor,True,0.3001,0.000712
qwen3_8b_base,k12,mmlu,False,mmlu,14042,content_norm,longest_first,0.250178,0.281584,-3.1406,-4.1803,-2.108,1.0362,0.0001,3.3827827337198347e-09,BELOW the floor,True,0.3001,0.000712
qwen3_8b_base,k12,mmlu,False,mmlu,14042,content_norm,longest_last,0.250178,0.280729,-3.0551,-4.0806,-2.0083,1.0362,0.0001,6.804984435776236e-09,BELOW the floor,True,0.3001,0.000712
qwen3_8b_base,k12,mmlu,False,mmlu,14042,content_norm,longest_credit,0.250178,0.433485,-18.3307,-19.4274,-17.234,1.0967,0.0001,7.860120584915648e-228,BELOW the floor,True,0.3001,0.000712
qwen3_8b_base,k12,mmlu,False,mmlu,14042,content_norm,longest_wrong,0.250178,0.198975,5.1204,4.1305,6.1031,0.9863,0.0001,2.085265932350727e-24,above the floor,True,0.3001,0.000712
qwen3_8b_base,k8,mmlu,False,mmlu,14042,letter,best_constant_D,0.2286,0.268908,-4.0308,-5.2058,-2.8557,1.175,0.0001,1.3477428139841925e-11,BELOW the floor,True,0.762498,0.01346
qwen3_8b_base,k8,mmlu,False,mmlu,14042,content_raw,longest_split,0.22682,0.283346,-5.6527,-6.7548,-4.5643,1.0952,0.0001,,BELOW the floor,True,0.33058,0.000427
qwen3_8b_base,k8,mmlu,False,mmlu,14042,content_raw,longest_first,0.22682,0.281584,-5.4764,-6.6301,-4.3227,1.1537,0.0001,2.9083028191358733e-20,BELOW the floor,True,0.33058,0.000427
qwen3_8b_base,k8,mmlu,False,mmlu,14042,content_raw,longest_last,0.22682,0.280729,-5.391,-6.5518,-4.2515,1.1501,0.0001,8.172611300048892e-20,BELOW the floor,True,0.33058,0.000427
qwen3_8b_base,k8,mmlu,False,mmlu,14042,content_raw,longest_credit,0.22682,0.433485,-20.6666,-21.9201,-19.4274,1.2464,0.0001,1.539629340982258e-221,BELOW the floor,True,0.33058,0.000427
qwen3_8b_base,k8,mmlu,False,mmlu,14042,content_raw,longest_wrong,0.22682,0.198975,2.7845,1.7092,3.8527,1.0718,0.0001,4.4455483306558735e-07,above the floor,True,0.33058,0.000427
qwen3_8b_base,k8,mmlu,False,mmlu,14042,content_norm,longest_split,0.246048,0.283346,-3.7299,-4.7008,-2.7655,0.9677,0.0001,,BELOW the floor,True,0.285857,0.00057
qwen3_8b_base,k8,mmlu,False,mmlu,14042,content_norm,longest_first,0.246048,0.281584,-3.5536,-4.5862,-2.5281,1.0291,0.0001,1.5856643842157275e-11,BELOW the floor,True,0.285857,0.00057
qwen3_8b_base,k8,mmlu,False,mmlu,14042,content_norm,longest_last,0.246048,0.280729,-3.4682,-4.5079,-2.4213,1.0433,0.0001,3.092642383481013e-11,BELOW the floor,True,0.285857,0.00057
qwen3_8b_base,k8,mmlu,False,mmlu,14042,content_norm,longest_credit,0.246048,0.433485,-18.7438,-19.8405,-17.6399,1.1003,0.0001,1.3642830048462404e-240,BELOW the floor,True,0.285857,0.00057
qwen3_8b_base,k8,mmlu,False,mmlu,14042,content_norm,longest_wrong,0.246048,0.198975,4.7073,3.7174,5.6758,0.9792,0.0001,2.8775370297453602e-21,above the floor,True,0.285857,0.00057
